strategies,coin,interval,tp_pct,sl_pct,min_confidence,trades,wins,win_rate,total_pnl,roi_pct,final_capital,tp_sells,sl_sells,pattern_sells
THREE_MARKET_PATTERN,KRW-XRP,240,3.0,2.0,1.0,16,0,62.50,0.00,0.0000,1017832.32,5,3,0
THREE_MARKET_PATTERN,KRW-XRP,240,3.0,2.0,3.0,16,0,62.50,0.00,0.0000,1017832.32,5,3,0
THREE_MARKET_PATTERN,KRW-XRP,240,3.0,2.0,5.0,16,0,62.50,0.00,0.0000,1017832.32,5,3,0
THREE_MARKET_PATTERN,KRW-XRP,240,3.0,3.0,1.0,16,0,62.50,0.00,0.0000,1010239.67,5,3,0
THREE_MARKET_PATTERN,KRW-XRP,240,3.0,3.0,3.0,16,0,62.50,0.00,0.0000,1010239.67,5,3,0
THREE_MARKET_PATTERN,KRW-XRP,240,3.0,3.0,5.0,16,0,62.50,0.00,0.0000,1010239.67,5,3,0
THREE_MARKET_PATTERN,KRW-XRP,240,3.0,5.0,1.0,16,0,62.50,0.00,0.0000,988727.15,5,2,1
THREE_MARKET_PATTERN,KRW-XRP,240,3.0,5.0,3.0,16,0,62.50,0.00,0.0000,988727.15,5,2,1
THREE_MARKET_PATTERN,KRW-XRP,240,3.0,5.0,5.0,16,0,62.50,0.00,0.0000,988727.15,5,2,1
THREE_MARKET_PATTERN,KRW-XRP,240,3.0,7.0,1.0,16,0,62.50,0.00,0.0000,988727.15,5,0,3
THREE_MARKET_PATTERN,KRW-XRP,240,3.0,7.0,3.0,16,0,62.50,0.00,0.0000,988727.15,5,0,3
THREE_MARKET_PATTERN,KRW-XRP,240,3.0,7.0,5.0,16,0,62.50,0.00,0.0000,988727.15,5,0,3
THREE_MARKET_PATTERN,KRW-XRP,240,5.0,2.0,1.0,12,0,66.67,0.00,0.0000,1173859.39,2,2,2
THREE_MARKET_PATTERN,KRW-XRP,240,5.0,2.0,3.0,12,0,66.67,0.00,0.0000,1173859.39,2,2,2
THREE_MARKET_PATTERN,KRW-XRP,240,5.0,2.0,5.0,12,0,50.00,0.00,0.0000,1104178.03,2,3,1
THREE_MARKET_PATTERN,KRW-XRP,240,5.0,3.0,1.0,12,0,66.67,0.00,0.0000,1166266.74,2,2,2
THREE_MARKET_PATTERN,KRW-XRP,240,5.0,3.0,3.0,12,0,66.67,0.00,0.0000,1166266.74,2,2,2
THREE_MARKET_PATTERN,KRW-XRP,240,5.0,3.0,5.0,12,0,50.00,0.00,0.0000,1096585.37,2,3,1
THREE_MARKET_PATTERN,KRW-XRP,240,5.0,5.0,1.0,12,0,66.67,0.00,0.0000,1144754.23,2,1,3
THREE_MARKET_PATTERN,KRW-XRP,240,5.0,5.0,3.0,12,0,66.67,0.00,0.0000,1144754.23,2,1,3
THREE_MARKET_PATTERN,KRW-XRP,240,5.0,5.0,5.0,12,0,50.00,0.00,0.0000,1056603.12,2,2,2
THREE_MARKET_PATTERN,KRW-XRP,240,5.0,7.0,1.0,12,0,66.67,0.00,0.0000,1144754.23,2,0,4
THREE_MARKET_PATTERN,KRW-XRP,240,5.0,7.0,3.0,12,0,66.67,0.00,0.0000,1144754.23,2,0,4
THREE_MARKET_PATTERN,KRW-XRP,240,5.0,7.0,5.0,12,0,50.00,0.00,0.0000,1046553.40,2,0,4
THREE_MARKET_PATTERN,KRW-XRP,240,7.0,2.0,1.0,12,0,66.67,0.00,0.0000,1173859.39,2,2,2
THREE_MARKET_PATTERN,KRW-XRP,240,7.0,2.0,3.0,12,0,66.67,0.00,0.0000,1173859.39,2,2,2
THREE_MARKET_PATTERN,KRW-XRP,240,7.0,2.0,5.0,12,0,50.00,0.00,0.0000,1104178.03,2,3,1
THREE_MARKET_PATTERN,KRW-XRP,240,7.0,3.0,1.0,12,0,66.67,0.00,0.0000,1166266.74,2,2,2
THREE_MARKET_PATTERN,KRW-XRP,240,7.0,3.0,3.0,12,0,66.67,0.00,0.0000,1166266.74,2,2,2
THREE_MARKET_PATTERN,KRW-XRP,240,7.0,3.0,5.0,12,0,50.00,0.00,0.0000,1096585.37,2,3,1
THREE_MARKET_PATTERN,KRW-XRP,240,7.0,5.0,1.0,12,0,66.67,0.00,0.0000,1144754.23,2,1,3
THREE_MARKET_PATTERN,KRW-XRP,240,7.0,5.0,3.0,12,0,66.67,0.00,0.0000,1144754.23,2,1,3
THREE_MARKET_PATTERN,KRW-XRP,240,7.0,5.0,5.0,12,0,50.00,0.00,0.0000,1056603.12,2,2,2
THREE_MARKET_PATTERN,KRW-XRP,240,7.0,7.0,1.0,12,0,66.67,0.00,0.0000,1144754.23,2,0,4
THREE_MARKET_PATTERN,KRW-XRP,240,7.0,7.0,3.0,12,0,66.67,0.00,0.0000,1144754.23,2,0,4
THREE_MARKET_PATTERN,KRW-XRP,240,7.0,7.0,5.0,12,0,50.00,0.00,0.0000,1046553.40,2,0,4
THREE_MARKET_PATTERN,KRW-XRP,240,10.0,2.0,1.0,12,0,66.67,0.00,0.0000,1173859.39,1,2,3
THREE_MARKET_PATTERN,KRW-XRP,240,10.0,2.0,3.0,12,0,66.67,0.00,0.0000,1173859.39,1,2,3
THREE_MARKET_PATTERN,KRW-XRP,240,10.0,2.0,5.0,12,0,50.00,0.00,0.0000,1104178.03,1,3,2
THREE_MARKET_PATTERN,KRW-XRP,240,10.0,3.0,1.0,12,0,66.67,0.00,0.0000,1166266.74,1,2,3
THREE_MARKET_PATTERN,KRW-XRP,240,10.0,3.0,3.0,12,0,66.67,0.00,0.0000,1166266.74,1,2,3
THREE_MARKET_PATTERN,KRW-XRP,240,10.0,3.0,5.0,12,0,50.00,0.00,0.0000,1096585.37,1,3,2
THREE_MARKET_PATTERN,KRW-XRP,240,10.0,5.0,1.0,12,0,66.67,0.00,0.0000,1144754.23,1,1,4
THREE_MARKET_PATTERN,KRW-XRP,240,10.0,5.0,3.0,12,0,66.67,0.00,0.0000,1144754.23,1,1,4
THREE_MARKET_PATTERN,KRW-XRP,240,10.0,5.0,5.0,12,0,50.00,0.00,0.0000,1056603.12,1,2,3
THREE_MARKET_PATTERN,KRW-XRP,240,10.0,7.0,1.0,12,0,66.67,0.00,0.0000,1144754.23,1,0,5
THREE_MARKET_PATTERN,KRW-XRP,240,10.0,7.0,3.0,12,0,66.67,0.00,0.0000,1144754.23,1,0,5
THREE_MARKET_PATTERN,KRW-XRP,240,10.0,7.0,5.0,12,0,50.00,0.00,0.0000,1046553.40,1,0,5
THREE_MARKET_PATTERN,KRW-XRP,240,15.0,2.0,1.0,12,0,66.67,0.00,0.0000,1173859.39,0,2,4
THREE_MARKET_PATTERN,KRW-XRP,240,15.0,2.0,3.0,12,0,66.67,0.00,0.0000,1173859.39,0,2,4
THREE_MARKET_PATTERN,KRW-XRP,240,15.0,2.0,5.0,12,0,50.00,0.00,0.0000,1104178.03,0,3,3
THREE_MARKET_PATTERN,KRW-XRP,240,15.0,3.0,1.0,12,0,66.67,0.00,0.0000,1166266.74,0,2,4
THREE_MARKET_PATTERN,KRW-XRP,240,15.0,3.0,3.0,12,0,66.67,0.00,0.0000,1166266.74,0,2,4
THREE_MARKET_PATTERN,KRW-XRP,240,15.0,3.0,5.0,12,0,50.00,0.00,0.0000,1096585.37,0,3,3
THREE_MARKET_PATTERN,KRW-XRP,240,15.0,5.0,1.0,12,0,66.67,0.00,0.0000,1144754.23,0,1,5
THREE_MARKET_PATTERN,KRW-XRP,240,15.0,5.0,3.0,12,0,66.67,0.00,0.0000,1144754.23,0,1,5
THREE_MARKET_PATTERN,KRW-XRP,240,15.0,5.0,5.0,12,0,50.00,0.00,0.0000,1056603.12,0,2,4
THREE_MARKET_PATTERN,KRW-XRP,240,15.0,7.0,1.0,12,0,66.67,0.00,0.0000,1144754.23,0,0,6
THREE_MARKET_PATTERN,KRW-XRP,240,15.0,7.0,3.0,12,0,66.67,0.00,0.0000,1144754.23,0,0,6
THREE_MARKET_PATTERN,KRW-XRP,240,15.0,7.0,5.0,12,0,50.00,0.00,0.0000,1046553.40,0,0,6
THREE_MARKET_PATTERN,KRW-SOL,240,3.0,2.0,1.0,12,0,33.33,0.00,0.0000,975391.51,2,4,0
THREE_MARKET_PATTERN,KRW-SOL,240,3.0,2.0,3.0,12,0,33.33,0.00,0.0000,975391.51,2,4,0
THREE_MARKET_PATTERN,KRW-SOL,240,3.0,2.0,5.0,12,0,33.33,0.00,0.0000,975391.51,2,4,0
THREE_MARKET_PATTERN,KRW-SOL,240,3.0,3.0,1.0,12,0,33.33,0.00,0.0000,948892.18,2,3,1
THREE_MARKET_PATTERN,KRW-SOL,240,3.0,3.0,3.0,12,0,33.33,0.00,0.0000,948892.18,2,3,1
THREE_MARKET_PATTERN,KRW-SOL,240,3.0,3.0,5.0,12,0,33.33,0.00,0.0000,948892.18,2,3,1
THREE_MARKET_PATTERN,KRW-SOL,240,3.0,5.0,1.0,12,0,33.33,0.00,0.0000,893033.58,2,2,2
THREE_MARKET_PATTERN,KRW-SOL,240,3.0,5.0,3.0,12,0,33.33,0.00,0.0000,893033.58,2,2,2
THREE_MARKET_PATTERN,KRW-SOL,240,3.0,5.0,5.0,12,0,33.33,0.00,0.0000,893033.58,2,2,2
THREE_MARKET_PATTERN,KRW-SOL,240,3.0,7.0,1.0,12,0,33.33,0.00,0.0000,893033.58,2,1,3
THREE_MARKET_PATTERN,KRW-SOL,240,3.0,7.0,3.0,12,0,33.33,0.00,0.0000,893033.58,2,1,3
THREE_MARKET_PATTERN,KRW-SOL,240,3.0,7.0,5.0,12,0,33.33,0.00,0.0000,893033.58,2,1,3
THREE_MARKET_PATTERN,KRW-SOL,240,5.0,2.0,1.0,14,0,14.29,0.00,0.0000,896285.04,1,6,0
THREE_MARKET_PATTERN,KRW-SOL,240,5.0,2.0,3.0,14,0,14.29,0.00,0.0000,896285.04,1,6,0
THREE_MARKET_PATTERN,KRW-SOL,240,5.0,2.0,5.0,14,0,14.29,0.00,0.0000,896285.04,1,6,0
THREE_MARKET_PATTERN,KRW-SOL,240,5.0,3.0,1.0,12,0,16.67,0.00,0.0000,875082.12,1,4,1
THREE_MARKET_PATTERN,KRW-SOL,240,5.0,3.0,3.0,12,0,16.67,0.00,0.0000,875082.12,1,4,1
THREE_MARKET_PATTERN,KRW-SOL,240,5.0,3.0,5.0,12,0,16.67,0.00,0.0000,875082.12,1,4,1
THREE_MARKET_PATTERN,KRW-SOL,240,5.0,5.0,1.0,12,0,16.67,0.00,0.0000,820493.73,1,2,3
THREE_MARKET_PATTERN,KRW-SOL,240,5.0,5.0,3.0,12,0,16.67,0.00,0.0000,820493.73,1,2,3
THREE_MARKET_PATTERN,KRW-SOL,240,5.0,5.0,5.0,12,0,16.67,0.00,0.0000,820493.73,1,2,3
THREE_MARKET_PATTERN,KRW-SOL,240,5.0,7.0,1.0,12,0,16.67,0.00,0.0000,820493.73,1,1,4
THREE_MARKET_PATTERN,KRW-SOL,240,5.0,7.0,3.0,12,0,16.67,0.00,0.0000,820493.73,1,1,4
THREE_MARKET_PATTERN,KRW-SOL,240,5.0,7.0,5.0,12,0,16.67,0.00,0.0000,820493.73,1,1,4
THREE_MARKET_PATTERN,KRW-SOL,240,7.0,2.0,1.0,14,0,14.29,0.00,0.0000,896285.04,0,6,1
THREE_MARKET_PATTERN,KRW-SOL,240,7.0,2.0,3.0,14,0,14.29,0.00,0.0000,896285.04,0,6,1
THREE_MARKET_PATTERN,KRW-SOL,240,7.0,2.0,5.0,14,0,14.29,0.00,0.0000,896285.04,0,6,1
THREE_MARKET_PATTERN,KRW-SOL,240,7.0,3.0,1.0,12,0,16.67,0.00,0.0000,875082.12,0,4,2
THREE_MARKET_PATTERN,KRW-SOL,240,7.0,3.0,3.0,12,0,16.67,0.00,0.0000,875082.12,0,4,2
THREE_MARKET_PATTERN,KRW-SOL,240,7.0,3.0,5.0,12,0,16.67,0.00,0.0000,875082.12,0,4,2
THREE_MARKET_PATTERN,KRW-SOL,240,7.0,5.0,1.0,12,0,16.67,0.00,0.0000,820493.73,0,2,4
THREE_MARKET_PATTERN,KRW-SOL,240,7.0,5.0,3.0,12,0,16.67,0.00,0.0000,820493.73,0,2,4
THREE_MARKET_PATTERN,KRW-SOL,240,7.0,5.0,5.0,12,0,16.67,0.00,0.0000,820493.73,0,2,4
THREE_MARKET_PATTERN,KRW-SOL,240,7.0,7.0,1.0,12,0,16.67,0.00,0.0000,820493.73,0,1,5
THREE_MARKET_PATTERN,KRW-SOL,240,7.0,7.0,3.0,12,0,16.67,0.00,0.0000,820493.73,0,1,5
THREE_MARKET_PATTERN,KRW-SOL,240,7.0,7.0,5.0,12,0,16.67,0.00,0.0000,820493.73,0,1,5
THREE_MARKET_PATTERN,KRW-SOL,240,10.0,2.0,1.0,14,0,14.29,0.00,0.0000,896285.04,0,6,1
THREE_MARKET_PATTERN,KRW-SOL,240,10.0,2.0,3.0,14,0,14.29,0.00,0.0000,896285.04,0,6,1
THREE_MARKET_PATTERN,KRW-SOL,240,10.0,2.0,5.0,14,0,14.29,0.00,0.0000,896285.04,0,6,1
THREE_MARKET_PATTERN,KRW-SOL,240,10.0,3.0,1.0,12,0,16.67,0.00,0.0000,875082.12,0,4,2
THREE_MARKET_PATTERN,KRW-SOL,240,10.0,3.0,3.0,12,0,16.67,0.00,0.0000,875082.12,0,4,2
THREE_MARKET_PATTERN,KRW-SOL,240,10.0,3.0,5.0,12,0,16.67,0.00,0.0000,875082.12,0,4,2
THREE_MARKET_PATTERN,KRW-SOL,240,10.0,5.0,1.0,12,0,16.67,0.00,0.0000,820493.73,0,2,4
THREE_MARKET_PATTERN,KRW-SOL,240,10.0,5.0,3.0,12,0,16.67,0.00,0.0000,820493.73,0,2,4
THREE_MARKET_PATTERN,KRW-SOL,240,10.0,5.0,5.0,12,0,16.67,0.00,0.0000,820493.73,0,2,4
THREE_MARKET_PATTERN,KRW-SOL,240,10.0,7.0,1.0,12,0,16.67,0.00,0.0000,820493.73,0,1,5
THREE_MARKET_PATTERN,KRW-SOL,240,10.0,7.0,3.0,12,0,16.67,0.00,0.0000,820493.73,0,1,5
THREE_MARKET_PATTERN,KRW-SOL,240,10.0,7.0,5.0,12,0,16.67,0.00,0.0000,820493.73,0,1,5
THREE_MARKET_PATTERN,KRW-SOL,240,15.0,2.0,1.0,14,0,14.29,0.00,0.0000,896285.04,0,6,1
THREE_MARKET_PATTERN,KRW-SOL,240,15.0,2.0,3.0,14,0,14.29,0.00,0.0000,896285.04,0,6,1
THREE_MARKET_PATTERN,KRW-SOL,240,15.0,2.0,5.0,14,0,14.29,0.00,0.0000,896285.04,0,6,1
THREE_MARKET_PATTERN,KRW-SOL,240,15.0,3.0,1.0,12,0,16.67,0.00,0.0000,875082.12,0,4,2
THREE_MARKET_PATTERN,KRW-SOL,240,15.0,3.0,3.0,12,0,16.67,0.00,0.0000,875082.12,0,4,2
THREE_MARKET_PATTERN,KRW-SOL,240,15.0,3.0,5.0,12,0,16.67,0.00,0.0000,875082.12,0,4,2
THREE_MARKET_PATTERN,KRW-SOL,240,15.0,5.0,1.0,12,0,16.67,0.00,0.0000,820493.73,0,2,4
THREE_MARKET_PATTERN,KRW-SOL,240,15.0,5.0,3.0,12,0,16.67,0.00,0.0000,820493.73,0,2,4
THREE_MARKET_PATTERN,KRW-SOL,240,15.0,5.0,5.0,12,0,16.67,0.00,0.0000,820493.73,0,2,4
THREE_MARKET_PATTERN,KRW-SOL,240,15.0,7.0,1.0,12,0,16.67,0.00,0.0000,820493.73,0,1,5
THREE_MARKET_PATTERN,KRW-SOL,240,15.0,7.0,3.0,12,0,16.67,0.00,0.0000,820493.73,0,1,5
THREE_MARKET_PATTERN,KRW-SOL,240,15.0,7.0,5.0,12,0,16.67,0.00,0.0000,820493.73,0,1,5
THREE_MARKET_PATTERN,KRW-BTC,240,3.0,2.0,1.0,12,0,33.33,0.00,0.0000,945163.44,1,4,1
THREE_MARKET_PATTERN,KRW-BTC,240,3.0,2.0,3.0,12,0,33.33,0.00,0.0000,945163.44,1,4,1
THREE_MARKET_PATTERN,KRW-BTC,240,3.0,2.0,5.0,12,0,33.33,0.00,0.0000,945163.44,1,4,1
THREE_MARKET_PATTERN,KRW-BTC,240,3.0,3.0,1.0,12,0,50.00,0.00,0.0000,1004761.32,2,1,3
THREE_MARKET_PATTERN,KRW-BTC,240,3.0,3.0,3.0,12,0,50.00,0.00,0.0000,1004761.32,2,1,3
THREE_MARKET_PATTERN,KRW-BTC,240,3.0,3.0,5.0,12,0,50.00,0.00,0.0000,1004761.32,2,1,3
THREE_MARKET_PATTERN,KRW-BTC,240,3.0,5.0,1.0,12,0,50.00,0.00,0.0000,986898.23,2,1,3
THREE_MARKET_PATTERN,KRW-BTC,240,3.0,5.0,3.0,12,0,50.00,0.00,0.0000,986898.23,2,1,3
THREE_MARKET_PATTERN,KRW-BTC,240,3.0,5.0,5.0,12,0,50.00,0.00,0.0000,986898.23,2,1,3
THREE_MARKET_PATTERN,KRW-BTC,240,3.0,7.0,1.0,12,0,50.00,0.00,0.0000,986898.23,2,0,4
THREE_MARKET_PATTERN,KRW-BTC,240,3.0,7.0,3.0,12,0,50.00,0.00,0.0000,986898.23,2,0,4
THREE_MARKET_PATTERN,KRW-BTC,240,3.0,7.0,5.0,12,0,50.00,0.00,0.0000,986898.23,2,0,4
THREE_MARKET_PATTERN,KRW-BTC,240,5.0,2.0,1.0,12,0,33.33,0.00,0.0000,944250.60,0,4,2
THREE_MARKET_PATTERN,KRW-BTC,240,5.0,2.0,3.0,12,0,33.33,0.00,0.0000,944250.60,0,4,2
THREE_MARKET_PATTERN,KRW-BTC,240,5.0,2.0,5.0,12,0,33.33,0.00,0.0000,944250.60,0,4,2
THREE_MARKET_PATTERN,KRW-BTC,240,5.0,3.0,1.0,12,0,50.00,0.00,0.0000,1003848.47,1,1,4
THREE_MARKET_PATTERN,KRW-BTC,240,5.0,3.0,3.0,12,0,50.00,0.00,0.0000,1003848.47,1,1,4
THREE_MARKET_PATTERN,KRW-BTC,240,5.0,3.0,5.0,12,0,50.00,0.00,0.0000,1003848.47,1,1,4
THREE_MARKET_PATTERN,KRW-BTC,240,5.0,5.0,1.0,12,0,50.00,0.00,0.0000,985985.39,1,1,4
THREE_MARKET_PATTERN,KRW-BTC,240,5.0,5.0,3.0,12,0,50.00,0.00,0.0000,985985.39,1,1,4
THREE_MARKET_PATTERN,KRW-BTC,240,5.0,5.0,5.0,12,0,50.00,0.00,0.0000,985985.39,1,1,4
THREE_MARKET_PATTERN,KRW-BTC,240,5.0,7.0,1.0,12,0,50.00,0.00,0.0000,985985.39,1,0,5
THREE_MARKET_PATTERN,KRW-BTC,240,5.0,7.0,3.0,12,0,50.00,0.00,0.0000,985985.39,1,0,5
THREE_MARKET_PATTERN,KRW-BTC,240,5.0,7.0,5.0,12,0,50.00,0.00,0.0000,985985.39,1,0,5
THREE_MARKET_PATTERN,KRW-BTC,240,7.0,2.0,1.0,12,0,33.33,0.00,0.0000,944250.60,0,4,2
THREE_MARKET_PATTERN,KRW-BTC,240,7.0,2.0,3.0,12,0,33.33,0.00,0.0000,944250.60,0,4,2
THREE_MARKET_PATTERN,KRW-BTC,240,7.0,2.0,5.0,12,0,33.33,0.00,0.0000,944250.60,0,4,2
THREE_MARKET_PATTERN,KRW-BTC,240,7.0,3.0,1.0,10,0,40.00,0.00,0.0000,974925.29,0,0,5
THREE_MARKET_PATTERN,KRW-BTC,240,7.0,3.0,3.0,10,0,40.00,0.00,0.0000,974925.29,0,0,5
THREE_MARKET_PATTERN,KRW-BTC,240,7.0,3.0,5.0,10,0,40.00,0.00,0.0000,974925.29,0,0,5
THREE_MARKET_PATTERN,KRW-BTC,240,7.0,5.0,1.0,10,0,40.00,0.00,0.0000,974925.29,0,0,5
THREE_MARKET_PATTERN,KRW-BTC,240,7.0,5.0,3.0,10,0,40.00,0.00,0.0000,974925.29,0,0,5
THREE_MARKET_PATTERN,KRW-BTC,240,7.0,5.0,5.0,10,0,40.00,0.00,0.0000,974925.29,0,0,5
THREE_MARKET_PATTERN,KRW-BTC,240,7.0,7.0,1.0,10,0,40.00,0.00,0.0000,974925.29,0,0,5
THREE_MARKET_PATTERN,KRW-BTC,240,7.0,7.0,3.0,10,0,40.00,0.00,0.0000,974925.29,0,0,5
THREE_MARKET_PATTERN,KRW-BTC,240,7.0,7.0,5.0,10,0,40.00,0.00,0.0000,974925.29,0,0,5
THREE_MARKET_PATTERN,KRW-BTC,240,10.0,2.0,1.0,12,0,33.33,0.00,0.0000,944250.60,0,4,2
THREE_MARKET_PATTERN,KRW-BTC,240,10.0,2.0,3.0,12,0,33.33,0.00,0.0000,944250.60,0,4,2
THREE_MARKET_PATTERN,KRW-BTC,240,10.0,2.0,5.0,12,0,33.33,0.00,0.0000,944250.60,0,4,2
THREE_MARKET_PATTERN,KRW-BTC,240,10.0,3.0,1.0,10,0,40.00,0.00,0.0000,974925.29,0,0,5
THREE_MARKET_PATTERN,KRW-BTC,240,10.0,3.0,3.0,10,0,40.00,0.00,0.0000,974925.29,0,0,5
THREE_MARKET_PATTERN,KRW-BTC,240,10.0,3.0,5.0,10,0,40.00,0.00,0.0000,974925.29,0,0,5
THREE_MARKET_PATTERN,KRW-BTC,240,10.0,5.0,1.0,10,0,40.00,0.00,0.0000,974925.29,0,0,5
THREE_MARKET_PATTERN,KRW-BTC,240,10.0,5.0,3.0,10,0,40.00,0.00,0.0000,974925.29,0,0,5
THREE_MARKET_PATTERN,KRW-BTC,240,10.0,5.0,5.0,10,0,40.00,0.00,0.0000,974925.29,0,0,5
THREE_MARKET_PATTERN,KRW-BTC,240,10.0,7.0,1.0,10,0,40.00,0.00,0.0000,974925.29,0,0,5
THREE_MARKET_PATTERN,KRW-BTC,240,10.0,7.0,3.0,10,0,40.00,0.00,0.0000,974925.29,0,0,5
THREE_MARKET_PATTERN,KRW-BTC,240,10.0,7.0,5.0,10,0,40.00,0.00,0.0000,974925.29,0,0,5
THREE_MARKET_PATTERN,KRW-BTC,240,15.0,2.0,1.0,12,0,33.33,0.00,0.0000,944250.60,0,4,2
THREE_MARKET_PATTERN,KRW-BTC,240,15.0,2.0,3.0,12,0,33.33,0.00,0.0000,944250.60,0,4,2
THREE_MARKET_PATTERN,KRW-BTC,240,15.0,2.0,5.0,12,0,33.33,0.00,0.0000,944250.60,0,4,2
THREE_MARKET_PATTERN,KRW-BTC,240,15.0,3.0,1.0,10,0,40.00,0.00,0.0000,974925.29,0,0,5
THREE_MARKET_PATTERN,KRW-BTC,240,15.0,3.0,3.0,10,0,40.00,0.00,0.0000,974925.29,0,0,5
THREE_MARKET_PATTERN,KRW-BTC,240,15.0,3.0,5.0,10,0,40.00,0.00,0.0000,974925.29,0,0,5
THREE_MARKET_PATTERN,KRW-BTC,240,15.0,5.0,1.0,10,0,40.00,0.00,0.0000,974925.29,0,0,5
THREE_MARKET_PATTERN,KRW-BTC,240,15.0,5.0,3.0,10,0,40.00,0.00,0.0000,974925.29,0,0,5
THREE_MARKET_PATTERN,KRW-BTC,240,15.0,5.0,5.0,10,0,40.00,0.00,0.0000,974925.29,0,0,5
THREE_MARKET_PATTERN,KRW-BTC,240,15.0,7.0,1.0,10,0,40.00,0.00,0.0000,974925.29,0,0,5
THREE_MARKET_PATTERN,KRW-BTC,240,15.0,7.0,3.0,10,0,40.00,0.00,0.0000,974925.29,0,0,5
THREE_MARKET_PATTERN,KRW-BTC,240,15.0,7.0,5.0,10,0,40.00,0.00,0.0000,974925.29,0,0,5
THREE_MARKET_PATTERN,KRW-ADA,240,3.0,2.0,1.0,10,0,60.00,0.00,0.0000,1041562.39,3,2,0
THREE_MARKET_PATTERN,KRW-ADA,240,3.0,2.0,3.0,10,0,60.00,0.00,0.0000,1041562.39,3,2,0
THREE_MARKET_PATTERN,KRW-ADA,240,3.0,2.0,5.0,10,0,60.00,0.00,0.0000,1041562.39,3,2,0
THREE_MARKET_PATTERN,KRW-ADA,240,3.0,3.0,1.0,10,0,60.00,0.00,0.0000,1019505.03,3,2,0
THREE_MARKET_PATTERN,KRW-ADA,240,3.0,3.0,3.0,10,0,60.00,0.00,0.0000,1019505.03,3,2,0
THREE_MARKET_PATTERN,KRW-ADA,240,3.0,3.0,5.0,10,0,60.00,0.00,0.0000,1019505.03,3,2,0
THREE_MARKET_PATTERN,KRW-ADA,240,3.0,5.0,1.0,10,0,60.00,0.00,0.0000,1007181.48,3,0,2
THREE_MARKET_PATTERN,KRW-ADA,240,3.0,5.0,3.0,10,0,60.00,0.00,0.0000,1007181.48,3,0,2
THREE_MARKET_PATTERN,KRW-ADA,240,3.0,5.0,5.0,10,0,60.00,0.00,0.0000,1007181.48,3,0,2
THREE_MARKET_PATTERN,KRW-ADA,240,3.0,7.0,1.0,10,0,60.00,0.00,0.0000,1007181.48,3,0,2
THREE_MARKET_PATTERN,KRW-ADA,240,3.0,7.0,3.0,10,0,60.00,0.00,0.0000,1007181.48,3,0,2
THREE_MARKET_PATTERN,KRW-ADA,240,3.0,7.0,5.0,10,0,60.00,0.00,0.0000,1007181.48,3,0,2
THREE_MARKET_PATTERN,KRW-ADA,240,5.0,2.0,1.0,10,0,40.00,0.00,0.0000,1032029.91,2,3,0
THREE_MARKET_PATTERN,KRW-ADA,240,5.0,2.0,3.0,10,0,40.00,0.00,0.0000,1032029.91,2,3,0
THREE_MARKET_PATTERN,KRW-ADA,240,5.0,2.0,5.0,10,0,40.00,0.00,0.0000,1032029.91,2,3,0
THREE_MARKET_PATTERN,KRW-ADA,240,5.0,3.0,1.0,10,0,40.00,0.00,0.0000,1009972.55,2,3,0
THREE_MARKET_PATTERN,KRW-ADA,240,5.0,3.0,3.0,10,0,40.00,0.00,0.0000,1009972.55,2,3,0
THREE_MARKET_PATTERN,KRW-ADA,240,5.0,3.0,5.0,10,0,40.00,0.00,0.0000,1009972.55,2,3,0
THREE_MARKET_PATTERN,KRW-ADA,240,5.0,5.0,1.0,10,0,40.00,0.00,0.0000,976648.74,2,1,2
THREE_MARKET_PATTERN,KRW-ADA,240,5.0,5.0,3.0,10,0,40.00,0.00,0.0000,976648.74,2,1,2
THREE_MARKET_PATTERN,KRW-ADA,240,5.0,5.0,5.0,10,0,40.00,0.00,0.0000,976648.74,2,1,2
THREE_MARKET_PATTERN,KRW-ADA,240,5.0,7.0,1.0,10,0,40.00,0.00,0.0000,976648.74,2,0,3
THREE_MARKET_PATTERN,KRW-ADA,240,5.0,7.0,3.0,10,0,40.00,0.00,0.0000,976648.74,2,0,3
THREE_MARKET_PATTERN,KRW-ADA,240,5.0,7.0,5.0,10,0,40.00,0.00,0.0000,976648.74,2,0,3
THREE_MARKET_PATTERN,KRW-ADA,240,7.0,2.0,1.0,10,0,20.00,0.00,0.0000,956458.83,1,4,0
THREE_MARKET_PATTERN,KRW-ADA,240,7.0,2.0,3.0,10,0,20.00,0.00,0.0000,956458.83,1,4,0
THREE_MARKET_PATTERN,KRW-ADA,240,7.0,2.0,5.0,10,0,20.00,0.00,0.0000,956458.83,1,4,0
THREE_MARKET_PATTERN,KRW-ADA,240,7.0,3.0,1.0,10,0,20.00,0.00,0.0000,932259.09,1,4,0
THREE_MARKET_PATTERN,KRW-ADA,240,7.0,3.0,3.0,10,0,20.00,0.00,0.0000,932259.09,1,4,0
THREE_MARKET_PATTERN,KRW-ADA,240,7.0,3.0,5.0,10,0,20.00,0.00,0.0000,932259.09,1,4,0
THREE_MARKET_PATTERN,KRW-ADA,240,7.0,5.0,1.0,10,0,20.00,0.00,0.0000,892508.18,1,1,3
THREE_MARKET_PATTERN,KRW-ADA,240,7.0,5.0,3.0,10,0,20.00,0.00,0.0000,892508.18,1,1,3
THREE_MARKET_PATTERN,KRW-ADA,240,7.0,5.0,5.0,10,0,20.00,0.00,0.0000,892508.18,1,1,3
THREE_MARKET_PATTERN,KRW-ADA,240,7.0,7.0,1.0,10,0,20.00,0.00,0.0000,892508.18,1,0,4
THREE_MARKET_PATTERN,KRW-ADA,240,7.0,7.0,3.0,10,0,20.00,0.00,0.0000,892508.18,1,0,4
THREE_MARKET_PATTERN,KRW-ADA,240,7.0,7.0,5.0,10,0,20.00,0.00,0.0000,892508.18,1,0,4
THREE_MARKET_PATTERN,KRW-ADA,240,10.0,2.0,1.0,10,0,20.00,0.00,0.0000,956458.83,0,4,1
THREE_MARKET_PATTERN,KRW-ADA,240,10.0,2.0,3.0,10,0,20.00,0.00,0.0000,956458.83,0,4,1
THREE_MARKET_PATTERN,KRW-ADA,240,10.0,2.0,5.0,10,0,20.00,0.00,0.0000,956458.83,0,4,1
THREE_MARKET_PATTERN,KRW-ADA,240,10.0,3.0,1.0,10,0,20.00,0.00,0.0000,932259.09,0,4,1
THREE_MARKET_PATTERN,KRW-ADA,240,10.0,3.0,3.0,10,0,20.00,0.00,0.0000,932259.09,0,4,1
THREE_MARKET_PATTERN,KRW-ADA,240,10.0,3.0,5.0,10,0,20.00,0.00,0.0000,932259.09,0,4,1
THREE_MARKET_PATTERN,KRW-ADA,240,10.0,5.0,1.0,10,0,20.00,0.00,0.0000,892508.18,0,1,4
THREE_MARKET_PATTERN,KRW-ADA,240,10.0,5.0,3.0,10,0,20.00,0.00,0.0000,892508.18,0,1,4
THREE_MARKET_PATTERN,KRW-ADA,240,10.0,5.0,5.0,10,0,20.00,0.00,0.0000,892508.18,0,1,4
THREE_MARKET_PATTERN,KRW-ADA,240,10.0,7.0,1.0,10,0,20.00,0.00,0.0000,892508.18,0,0,5
THREE_MARKET_PATTERN,KRW-ADA,240,10.0,7.0,3.0,10,0,20.00,0.00,0.0000,892508.18,0,0,5
THREE_MARKET_PATTERN,KRW-ADA,240,10.0,7.0,5.0,10,0,20.00,0.00,0.0000,892508.18,0,0,5
THREE_MARKET_PATTERN,KRW-ADA,240,15.0,2.0,1.0,10,0,20.00,0.00,0.0000,956458.83,0,4,1
THREE_MARKET_PATTERN,KRW-ADA,240,15.0,2.0,3.0,10,0,20.00,0.00,0.0000,956458.83,0,4,1
THREE_MARKET_PATTERN,KRW-ADA,240,15.0,2.0,5.0,10,0,20.00,0.00,0.0000,956458.83,0,4,1
THREE_MARKET_PATTERN,KRW-ADA,240,15.0,3.0,1.0,10,0,20.00,0.00,0.0000,932259.09,0,4,1
THREE_MARKET_PATTERN,KRW-ADA,240,15.0,3.0,3.0,10,0,20.00,0.00,0.0000,932259.09,0,4,1
THREE_MARKET_PATTERN,KRW-ADA,240,15.0,3.0,5.0,10,0,20.00,0.00,0.0000,932259.09,0,4,1
THREE_MARKET_PATTERN,KRW-ADA,240,15.0,5.0,1.0,10,0,20.00,0.00,0.0000,892508.18,0,1,4
THREE_MARKET_PATTERN,KRW-ADA,240,15.0,5.0,3.0,10,0,20.00,0.00,0.0000,892508.18,0,1,4
THREE_MARKET_PATTERN,KRW-ADA,240,15.0,5.0,5.0,10,0,20.00,0.00,0.0000,892508.18,0,1,4
THREE_MARKET_PATTERN,KRW-ADA,240,15.0,7.0,1.0,10,0,20.00,0.00,0.0000,892508.18,0,0,5
THREE_MARKET_PATTERN,KRW-ADA,240,15.0,7.0,3.0,10,0,20.00,0.00,0.0000,892508.18,0,0,5
THREE_MARKET_PATTERN,KRW-ADA,240,15.0,7.0,5.0,10,0,20.00,0.00,0.0000,892508.18,0,0,5
TRIANGLE_CONVERGENCE,KRW-XRP,240,3.0,2.0,1.0,16,0,50.00,0.00,0.0000,984298.34,1,3,4
TRIANGLE_CONVERGENCE,KRW-XRP,240,3.0,2.0,3.0,16,0,50.00,0.00,0.0000,984298.34,1,3,4
TRIANGLE_CONVERGENCE,KRW-XRP,240,3.0,2.0,5.0,16,0,50.00,0.00,0.0000,984298.34,1,3,4
TRIANGLE_CONVERGENCE,KRW-XRP,240,3.0,3.0,1.0,16,0,50.00,0.00,0.0000,984298.34,1,0,7
TRIANGLE_CONVERGENCE,KRW-XRP,240,3.0,3.0,3.0,16,0,50.00,0.00,0.0000,984298.34,1,0,7
TRIANGLE_CONVERGENCE,KRW-XRP,240,3.0,3.0,5.0,16,0,50.00,0.00,0.0000,984298.34,1,0,7
TRIANGLE_CONVERGENCE,KRW-XRP,240,3.0,5.0,1.0,16,0,50.00,0.00,0.0000,984298.34,1,0,7
TRIANGLE_CONVERGENCE,KRW-XRP,240,3.0,5.0,3.0,16,0,50.00,0.00,0.0000,984298.34,1,0,7
TRIANGLE_CONVERGENCE,KRW-XRP,240,3.0,5.0,5.0,16,0,50.00,0.00,0.0000,984298.34,1,0,7
TRIANGLE_CONVERGENCE,KRW-XRP,240,3.0,7.0,1.0,16,0,50.00,0.00,0.0000,984298.34,1,0,7
TRIANGLE_CONVERGENCE,KRW-XRP,240,3.0,7.0,3.0,16,0,50.00,0.00,0.0000,984298.34,1,0,7
TRIANGLE_CONVERGENCE,KRW-XRP,240,3.0,7.0,5.0,16,0,50.00,0.00,0.0000,984298.34,1,0,7
TRIANGLE_CONVERGENCE,KRW-XRP,240,5.0,2.0,1.0,16,0,37.50,0.00,0.0000,927403.64,0,4,4
TRIANGLE_CONVERGENCE,KRW-XRP,240,5.0,2.0,3.0,16,0,37.50,0.00,0.0000,927403.64,0,4,4
TRIANGLE_CONVERGENCE,KRW-XRP,240,5.0,2.0,5.0,16,0,37.50,0.00,0.0000,927403.64,0,4,4
TRIANGLE_CONVERGENCE,KRW-XRP,240,5.0,3.0,1.0,16,0,37.50,0.00,0.0000,927403.64,0,0,8
TRIANGLE_CONVERGENCE,KRW-XRP,240,5.0,3.0,3.0,16,0,37.50,0.00,0.0000,927403.64,0,0,8
TRIANGLE_CONVERGENCE,KRW-XRP,240,5.0,3.0,5.0,16,0,37.50,0.00,0.0000,927403.64,0,0,8
TRIANGLE_CONVERGENCE,KRW-XRP,240,5.0,5.0,1.0,16,0,37.50,0.00,0.0000,927403.64,0,0,8
TRIANGLE_CONVERGENCE,KRW-XRP,240,5.0,5.0,3.0,16,0,37.50,0.00,0.0000,927403.64,0,0,8
TRIANGLE_CONVERGENCE,KRW-XRP,240,5.0,5.0,5.0,16,0,37.50,0.00,0.0000,927403.64,0,0,8
TRIANGLE_CONVERGENCE,KRW-XRP,240,5.0,7.0,1.0,16,0,37.50,0.00,0.0000,927403.64,0,0,8
TRIANGLE_CONVERGENCE,KRW-XRP,240,5.0,7.0,3.0,16,0,37.50,0.00,0.0000,927403.64,0,0,8
TRIANGLE_CONVERGENCE,KRW-XRP,240,5.0,7.0,5.0,16,0,37.50,0.00,0.0000,927403.64,0,0,8
TRIANGLE_CONVERGENCE,KRW-XRP,240,7.0,2.0,1.0,16,0,37.50,0.00,0.0000,927403.64,0,4,4
TRIANGLE_CONVERGENCE,KRW-XRP,240,7.0,2.0,3.0,16,0,37.50,0.00,0.0000,927403.64,0,4,4
TRIANGLE_CONVERGENCE,KRW-XRP,240,7.0,2.0,5.0,16,0,37.50,0.00,0.0000,927403.64,0,4,4
TRIANGLE_CONVERGENCE,KRW-XRP,240,7.0,3.0,1.0,16,0,37.50,0.00,0.0000,927403.64,0,0,8
TRIANGLE_CONVERGENCE,KRW-XRP,240,7.0,3.0,3.0,16,0,37.50,0.00,0.0000,927403.64,0,0,8
TRIANGLE_CONVERGENCE,KRW-XRP,240,7.0,3.0,5.0,16,0,37.50,0.00,0.0000,927403.64,0,0,8
TRIANGLE_CONVERGENCE,KRW-XRP,240,7.0,5.0,1.0,16,0,37.50,0.00,0.0000,927403.64,0,0,8
TRIANGLE_CONVERGENCE,KRW-XRP,240,7.0,5.0,3.0,16,0,37.50,0.00,0.0000,927403.64,0,0,8
TRIANGLE_CONVERGENCE,KRW-XRP,240,7.0,5.0,5.0,16,0,37.50,0.00,0.0000,927403.64,0,0,8
TRIANGLE_CONVERGENCE,KRW-XRP,240,7.0,7.0,1.0,16,0,37.50,0.00,0.0000,927403.64,0,0,8
TRIANGLE_CONVERGENCE,KRW-XRP,240,7.0,7.0,3.0,16,0,37.50,0.00,0.0000,927403.64,0,0,8
TRIANGLE_CONVERGENCE,KRW-XRP,240,7.0,7.0,5.0,16,0,37.50,0.00,0.0000,927403.64,0,0,8
TRIANGLE_CONVERGENCE,KRW-XRP,240,10.0,2.0,1.0,16,0,37.50,0.00,0.0000,927403.64,0,4,4
TRIANGLE_CONVERGENCE,KRW-XRP,240,10.0,2.0,3.0,16,0,37.50,0.00,0.0000,927403.64,0,4,4
TRIANGLE_CONVERGENCE,KRW-XRP,240,10.0,2.0,5.0,16,0,37.50,0.00,0.0000,927403.64,0,4,4
TRIANGLE_CONVERGENCE,KRW-XRP,240,10.0,3.0,1.0,16,0,37.50,0.00,0.0000,927403.64,0,0,8
TRIANGLE_CONVERGENCE,KRW-XRP,240,10.0,3.0,3.0,16,0,37.50,0.00,0.0000,927403.64,0,0,8
TRIANGLE_CONVERGENCE,KRW-XRP,240,10.0,3.0,5.0,16,0,37.50,0.00,0.0000,927403.64,0,0,8
TRIANGLE_CONVERGENCE,KRW-XRP,240,10.0,5.0,1.0,16,0,37.50,0.00,0.0000,927403.64,0,0,8
TRIANGLE_CONVERGENCE,KRW-XRP,240,10.0,5.0,3.0,16,0,37.50,0.00,0.0000,927403.64,0,0,8
TRIANGLE_CONVERGENCE,KRW-XRP,240,10.0,5.0,5.0,16,0,37.50,0.00,0.0000,927403.64,0,0,8
TRIANGLE_CONVERGENCE,KRW-XRP,240,10.0,7.0,1.0,16,0,37.50,0.00,0.0000,927403.64,0,0,8
TRIANGLE_CONVERGENCE,KRW-XRP,240,10.0,7.0,3.0,16,0,37.50,0.00,0.0000,927403.64,0,0,8
TRIANGLE_CONVERGENCE,KRW-XRP,240,10.0,7.0,5.0,16,0,37.50,0.00,0.0000,927403.64,0,0,8
TRIANGLE_CONVERGENCE,KRW-XRP,240,15.0,2.0,1.0,16,0,37.50,0.00,0.0000,927403.64,0,4,4
TRIANGLE_CONVERGENCE,KRW-XRP,240,15.0,2.0,3.0,16,0,37.50,0.00,0.0000,927403.64,0,4,4
TRIANGLE_CONVERGENCE,KRW-XRP,240,15.0,2.0,5.0,16,0,37.50,0.00,0.0000,927403.64,0,4,4
TRIANGLE_CONVERGENCE,KRW-XRP,240,15.0,3.0,1.0,16,0,37.50,0.00,0.0000,927403.64,0,0,8
TRIANGLE_CONVERGENCE,KRW-XRP,240,15.0,3.0,3.0,16,0,37.50,0.00,0.0000,927403.64,0,0,8
TRIANGLE_CONVERGENCE,KRW-XRP,240,15.0,3.0,5.0,16,0,37.50,0.00,0.0000,927403.64,0,0,8
TRIANGLE_CONVERGENCE,KRW-XRP,240,15.0,5.0,1.0,16,0,37.50,0.00,0.0000,927403.64,0,0,8
TRIANGLE_CONVERGENCE,KRW-XRP,240,15.0,5.0,3.0,16,0,37.50,0.00,0.0000,927403.64,0,0,8
TRIANGLE_CONVERGENCE,KRW-XRP,240,15.0,5.0,5.0,16,0,37.50,0.00,0.0000,927403.64,0,0,8
TRIANGLE_CONVERGENCE,KRW-XRP,240,15.0,7.0,1.0,16,0,37.50,0.00,0.0000,927403.64,0,0,8
TRIANGLE_CONVERGENCE,KRW-XRP,240,15.0,7.0,3.0,16,0,37.50,0.00,0.0000,927403.64,0,0,8
TRIANGLE_CONVERGENCE,KRW-XRP,240,15.0,7.0,5.0,16,0,37.50,0.00,0.0000,927403.64,0,0,8
TRIANGLE_CONVERGENCE,KRW-SOL,240,3.0,2.0,1.0,24,0,58.33,0.00,0.0000,1056981.91,1,2,9
TRIANGLE_CONVERGENCE,KRW-SOL,240,3.0,2.0,3.0,24,0,58.33,0.00,0.0000,1056981.91,1,2,9
TRIANGLE_CONVERGENCE,KRW-SOL,240,3.0,2.0,5.0,24,0,58.33,0.00,0.0000,1056981.91,1,2,9
TRIANGLE_CONVERGENCE,KRW-SOL,240,3.0,3.0,1.0,24,0,58.33,0.00,0.0000,1052335.08,1,1,10
TRIANGLE_CONVERGENCE,KRW-SOL,240,3.0,3.0,3.0,24,0,58.33,0.00,0.0000,1052335.08,1,1,10
TRIANGLE_CONVERGENCE,KRW-SOL,240,3.0,3.0,5.0,24,0,58.33,0.00,0.0000,1052335.08,1,1,10
TRIANGLE_CONVERGENCE,KRW-SOL,240,3.0,5.0,1.0,24,0,58.33,0.00,0.0000,1041713.75,1,0,11
TRIANGLE_CONVERGENCE,KRW-SOL,240,3.0,5.0,3.0,24,0,58.33,0.00,0.0000,1041713.75,1,0,11
TRIANGLE_CONVERGENCE,KRW-SOL,240,3.0,5.0,5.0,24,0,58.33,0.00,0.0000,1041713.75,1,0,11
TRIANGLE_CONVERGENCE,KRW-SOL,240,3.0,7.0,1.0,24,0,58.33,0.00,0.0000,1041713.75,1,0,11
TRIANGLE_CONVERGENCE,KRW-SOL,240,3.0,7.0,3.0,24,0,58.33,0.00,0.0000,1041713.75,1,0,11
TRIANGLE_CONVERGENCE,KRW-SOL,240,3.0,7.0,5.0,24,0,58.33,0.00,0.0000,1041713.75,1,0,11
TRIANGLE_CONVERGENCE,KRW-SOL,240,5.0,2.0,1.0,24,0,58.33,0.00,0.0000,1056981.91,0,2,10
TRIANGLE_CONVERGENCE,KRW-SOL,240,5.0,2.0,3.0,24,0,58.33,0.00,0.0000,1056981.91,0,2,10
TRIANGLE_CONVERGENCE,KRW-SOL,240,5.0,2.0,5.0,24,0,58.33,0.00,0.0000,1056981.91,0,2,10
TRIANGLE_CONVERGENCE,KRW-SOL,240,5.0,3.0,1.0,24,0,58.33,0.00,0.0000,1052335.08,0,1,11
TRIANGLE_CONVERGENCE,KRW-SOL,240,5.0,3.0,3.0,24,0,58.33,0.00,0.0000,1052335.08,0,1,11
TRIANGLE_CONVERGENCE,KRW-SOL,240,5.0,3.0,5.0,24,0,58.33,0.00,0.0000,1052335.08,0,1,11
TRIANGLE_CONVERGENCE,KRW-SOL,240,5.0,5.0,1.0,24,0,58.33,0.00,0.0000,1041713.75,0,0,12
TRIANGLE_CONVERGENCE,KRW-SOL,240,5.0,5.0,3.0,24,0,58.33,0.00,0.0000,1041713.75,0,0,12
TRIANGLE_CONVERGENCE,KRW-SOL,240,5.0,5.0,5.0,24,0,58.33,0.00,0.0000,1041713.75,0,0,12
TRIANGLE_CONVERGENCE,KRW-SOL,240,5.0,7.0,1.0,24,0,58.33,0.00,0.0000,1041713.75,0,0,12
TRIANGLE_CONVERGENCE,KRW-SOL,240,5.0,7.0,3.0,24,0,58.33,0.00,0.0000,1041713.75,0,0,12
TRIANGLE_CONVERGENCE,KRW-SOL,240,5.0,7.0,5.0,24,0,58.33,0.00,0.0000,1041713.75,0,0,12
TRIANGLE_CONVERGENCE,KRW-SOL,240,7.0,2.0,1.0,24,0,58.33,0.00,0.0000,1056981.91,0,2,10
TRIANGLE_CONVERGENCE,KRW-SOL,240,7.0,2.0,3.0,24,0,58.33,0.00,0.0000,1056981.91,0,2,10
TRIANGLE_CONVERGENCE,KRW-SOL,240,7.0,2.0,5.0,24,0,58.33,0.00,0.0000,1056981.91,0,2,10
TRIANGLE_CONVERGENCE,KRW-SOL,240,7.0,3.0,1.0,24,0,58.33,0.00,0.0000,1052335.08,0,1,11
TRIANGLE_CONVERGENCE,KRW-SOL,240,7.0,3.0,3.0,24,0,58.33,0.00,0.0000,1052335.08,0,1,11
TRIANGLE_CONVERGENCE,KRW-SOL,240,7.0,3.0,5.0,24,0,58.33,0.00,0.0000,1052335.08,0,1,11
TRIANGLE_CONVERGENCE,KRW-SOL,240,7.0,5.0,1.0,24,0,58.33,0.00,0.0000,1041713.75,0,0,12
TRIANGLE_CONVERGENCE,KRW-SOL,240,7.0,5.0,3.0,24,0,58.33,0.00,0.0000,1041713.75,0,0,12
TRIANGLE_CONVERGENCE,KRW-SOL,240,7.0,5.0,5.0,24,0,58.33,0.00,0.0000,1041713.75,0,0,12
TRIANGLE_CONVERGENCE,KRW-SOL,240,7.0,7.0,1.0,24,0,58.33,0.00,0.0000,1041713.75,0,0,12
TRIANGLE_CONVERGENCE,KRW-SOL,240,7.0,7.0,3.0,24,0,58.33,0.00,0.0000,1041713.75,0,0,12
TRIANGLE_CONVERGENCE,KRW-SOL,240,7.0,7.0,5.0,24,0,58.33,0.00,0.0000,1041713.75,0,0,12
TRIANGLE_CONVERGENCE,KRW-SOL,240,10.0,2.0,1.0,24,0,58.33,0.00,0.0000,1056981.91,0,2,10
TRIANGLE_CONVERGENCE,KRW-SOL,240,10.0,2.0,3.0,24,0,58.33,0.00,0.0000,1056981.91,0,2,10
TRIANGLE_CONVERGENCE,KRW-SOL,240,10.0,2.0,5.0,24,0,58.33,0.00,0.0000,1056981.91,0,2,10
TRIANGLE_CONVERGENCE,KRW-SOL,240,10.0,3.0,1.0,24,0,58.33,0.00,0.0000,1052335.08,0,1,11
TRIANGLE_CONVERGENCE,KRW-SOL,240,10.0,3.0,3.0,24,0,58.33,0.00,0.0000,1052335.08,0,1,11
TRIANGLE_CONVERGENCE,KRW-SOL,240,10.0,3.0,5.0,24,0,58.33,0.00,0.0000,1052335.08,0,1,11
TRIANGLE_CONVERGENCE,KRW-SOL,240,10.0,5.0,1.0,24,0,58.33,0.00,0.0000,1041713.75,0,0,12
TRIANGLE_CONVERGENCE,KRW-SOL,240,10.0,5.0,3.0,24,0,58.33,0.00,0.0000,1041713.75,0,0,12
TRIANGLE_CONVERGENCE,KRW-SOL,240,10.0,5.0,5.0,24,0,58.33,0.00,0.0000,1041713.75,0,0,12
TRIANGLE_CONVERGENCE,KRW-SOL,240,10.0,7.0,1.0,24,0,58.33,0.00,0.0000,1041713.75,0,0,12
TRIANGLE_CONVERGENCE,KRW-SOL,240,10.0,7.0,3.0,24,0,58.33,0.00,0.0000,1041713.75,0,0,12
TRIANGLE_CONVERGENCE,KRW-SOL,240,10.0,7.0,5.0,24,0,58.33,0.00,0.0000,1041713.75,0,0,12
TRIANGLE_CONVERGENCE,KRW-SOL,240,15.0,2.0,1.0,24,0,58.33,0.00,0.0000,1056981.91,0,2,10
TRIANGLE_CONVERGENCE,KRW-SOL,240,15.0,2.0,3.0,24,0,58.33,0.00,0.0000,1056981.91,0,2,10
TRIANGLE_CONVERGENCE,KRW-SOL,240,15.0,2.0,5.0,24,0,58.33,0.00,0.0000,1056981.91,0,2,10
TRIANGLE_CONVERGENCE,KRW-SOL,240,15.0,3.0,1.0,24,0,58.33,0.00,0.0000,1052335.08,0,1,11
TRIANGLE_CONVERGENCE,KRW-SOL,240,15.0,3.0,3.0,24,0,58.33,0.00,0.0000,1052335.08,0,1,11
TRIANGLE_CONVERGENCE,KRW-SOL,240,15.0,3.0,5.0,24,0,58.33,0.00,0.0000,1052335.08,0,1,11
TRIANGLE_CONVERGENCE,KRW-SOL,240,15.0,5.0,1.0,24,0,58.33,0.00,0.0000,1041713.75,0,0,12
TRIANGLE_CONVERGENCE,KRW-SOL,240,15.0,5.0,3.0,24,0,58.33,0.00,0.0000,1041713.75,0,0,12
TRIANGLE_CONVERGENCE,KRW-SOL,240,15.0,5.0,5.0,24,0,58.33,0.00,0.0000,1041713.75,0,0,12
TRIANGLE_CONVERGENCE,KRW-SOL,240,15.0,7.0,1.0,24,0,58.33,0.00,0.0000,1041713.75,0,0,12
TRIANGLE_CONVERGENCE,KRW-SOL,240,15.0,7.0,3.0,24,0,58.33,0.00,0.0000,1041713.75,0,0,12
TRIANGLE_CONVERGENCE,KRW-SOL,240,15.0,7.0,5.0,24,0,58.33,0.00,0.0000,1041713.75,0,0,12
BOLLINGER_SQUEEZE_BREAKOUT,KRW-XRP,240,3.0,2.0,1.0,10,0,20.00,0.00,0.0000,980831.87,1,4,0
BOLLINGER_SQUEEZE_BREAKOUT,KRW-XRP,240,3.0,2.0,3.0,10,0,20.00,0.00,0.0000,980831.87,1,4,0
BOLLINGER_SQUEEZE_BREAKOUT,KRW-XRP,240,3.0,2.0,5.0,10,0,20.00,0.00,0.0000,980831.87,1,4,0
BOLLINGER_SQUEEZE_BREAKOUT,KRW-XRP,240,3.0,3.0,1.0,10,0,40.00,0.00,0.0000,1044661.47,2,1,2
BOLLINGER_SQUEEZE_BREAKOUT,KRW-XRP,240,3.0,3.0,3.0,10,0,40.00,0.00,0.0000,1044661.47,2,1,2
BOLLINGER_SQUEEZE_BREAKOUT,KRW-XRP,240,3.0,3.0,5.0,10,0,40.00,0.00,0.0000,1044661.47,2,1,2
BOLLINGER_SQUEEZE_BREAKOUT,KRW-XRP,240,3.0,5.0,1.0,10,0,40.00,0.00,0.0000,1044661.47,2,0,3
BOLLINGER_SQUEEZE_BREAKOUT,KRW-XRP,240,3.0,5.0,3.0,10,0,40.00,0.00,0.0000,1044661.47,2,0,3
BOLLINGER_SQUEEZE_BREAKOUT,KRW-XRP,240,3.0,5.0,5.0,10,0,40.00,0.00,0.0000,1044661.47,2,0,3
BOLLINGER_SQUEEZE_BREAKOUT,KRW-XRP,240,3.0,7.0,1.0,10,0,40.00,0.00,0.0000,1044661.47,2,0,3
BOLLINGER_SQUEEZE_BREAKOUT,KRW-XRP,240,3.0,7.0,3.0,10,0,40.00,0.00,0.0000,1044661.47,2,0,3
BOLLINGER_SQUEEZE_BREAKOUT,KRW-XRP,240,3.0,7.0,5.0,10,0,40.00,0.00,0.0000,1044661.47,2,0,3
BOLLINGER_SQUEEZE_BREAKOUT,KRW-XRP,240,5.0,2.0,1.0,10,0,20.00,0.00,0.0000,980831.87,1,4,0
BOLLINGER_SQUEEZE_BREAKOUT,KRW-XRP,240,5.0,2.0,3.0,10,0,20.00,0.00,0.0000,980831.87,1,4,0
BOLLINGER_SQUEEZE_BREAKOUT,KRW-XRP,240,5.0,2.0,5.0,10,0,20.00,0.00,0.0000,980831.87,1,4,0
BOLLINGER_SQUEEZE_BREAKOUT,KRW-XRP,240,5.0,3.0,1.0,10,0,40.00,0.00,0.0000,1044661.47,2,1,2
BOLLINGER_SQUEEZE_BREAKOUT,KRW-XRP,240,5.0,3.0,3.0,10,0,40.00,0.00,0.0000,1044661.47,2,1,2
BOLLINGER_SQUEEZE_BREAKOUT,KRW-XRP,240,5.0,3.0,5.0,10,0,40.00,0.00,0.0000,1044661.47,2,1,2
BOLLINGER_SQUEEZE_BREAKOUT,KRW-XRP,240,5.0,5.0,1.0,10,0,40.00,0.00,0.0000,1044661.47,2,0,3
BOLLINGER_SQUEEZE_BREAKOUT,KRW-XRP,240,5.0,5.0,3.0,10,0,40.00,0.00,0.0000,1044661.47,2,0,3
BOLLINGER_SQUEEZE_BREAKOUT,KRW-XRP,240,5.0,5.0,5.0,10,0,40.00,0.00,0.0000,1044661.47,2,0,3
BOLLINGER_SQUEEZE_BREAKOUT,KRW-XRP,240,5.0,7.0,1.0,10,0,40.00,0.00,0.0000,1044661.47,2,0,3
BOLLINGER_SQUEEZE_BREAKOUT,KRW-XRP,240,5.0,7.0,3.0,10,0,40.00,0.00,0.0000,1044661.47,2,0,3
BOLLINGER_SQUEEZE_BREAKOUT,KRW-XRP,240,5.0,7.0,5.0,10,0,40.00,0.00,0.0000,1044661.47,2,0,3
BOLLINGER_SQUEEZE_BREAKOUT,KRW-XRP,240,7.0,2.0,1.0,10,0,20.00,0.00,0.0000,980831.87,1,4,0
BOLLINGER_SQUEEZE_BREAKOUT,KRW-XRP,240,7.0,2.0,3.0,10,0,20.00,0.00,0.0000,980831.87,1,4,0
BOLLINGER_SQUEEZE_BREAKOUT,KRW-XRP,240,7.0,2.0,5.0,10,0,20.00,0.00,0.0000,980831.87,1,4,0
BOLLINGER_SQUEEZE_BREAKOUT,KRW-XRP,240,7.0,3.0,1.0,10,0,40.00,0.00,0.0000,1100422.56,2,1,2
BOLLINGER_SQUEEZE_BREAKOUT,KRW-XRP,240,7.0,3.0,3.0,10,0,40.00,0.00,0.0000,1100422.56,2,1,2
BOLLINGER_SQUEEZE_BREAKOUT,KRW-XRP,240,7.0,3.0,5.0,10,0,40.00,0.00,0.0000,1100422.56,2,1,2
BOLLINGER_SQUEEZE_BREAKOUT,KRW-XRP,240,7.0,5.0,1.0,10,0,40.00,0.00,0.0000,1100422.56,2,0,3
BOLLINGER_SQUEEZE_BREAKOUT,KRW-XRP,240,7.0,5.0,3.0,10,0,40.00,0.00,0.0000,1100422.56,2,0,3
BOLLINGER_SQUEEZE_BREAKOUT,KRW-XRP,240,7.0,5.0,5.0,10,0,40.00,0.00,0.0000,1100422.56,2,0,3
BOLLINGER_SQUEEZE_BREAKOUT,KRW-XRP,240,7.0,7.0,1.0,10,0,40.00,0.00,0.0000,1100422.56,2,0,3
BOLLINGER_SQUEEZE_BREAKOUT,KRW-XRP,240,7.0,7.0,3.0,10,0,40.00,0.00,0.0000,1100422.56,2,0,3
BOLLINGER_SQUEEZE_BREAKOUT,KRW-XRP,240,7.0,7.0,5.0,10,0,40.00,0.00,0.0000,1100422.56,2,0,3
BOLLINGER_SQUEEZE_BREAKOUT,KRW-XRP,240,10.0,2.0,1.0,10,0,0.00,0.00,0.0000,865104.11,0,5,0
BOLLINGER_SQUEEZE_BREAKOUT,KRW-XRP,240,10.0,2.0,3.0,10,0,0.00,0.00,0.0000,865104.11,0,5,0
BOLLINGER_SQUEEZE_BREAKOUT,KRW-XRP,240,10.0,2.0,5.0,10,0,0.00,0.00,0.0000,865104.11,0,5,0
BOLLINGER_SQUEEZE_BREAKOUT,KRW-XRP,240,10.0,3.0,1.0,10,0,20.00,0.00,0.0000,984457.11,1,2,2
BOLLINGER_SQUEEZE_BREAKOUT,KRW-XRP,240,10.0,3.0,3.0,10,0,20.00,0.00,0.0000,984457.11,1,2,2
BOLLINGER_SQUEEZE_BREAKOUT,KRW-XRP,240,10.0,3.0,5.0,10,0,20.00,0.00,0.0000,984457.11,1,2,2
BOLLINGER_SQUEEZE_BREAKOUT,KRW-XRP,240,10.0,5.0,1.0,10,0,20.00,0.00,0.0000,984457.11,1,0,4
BOLLINGER_SQUEEZE_BREAKOUT,KRW-XRP,240,10.0,5.0,3.0,10,0,20.00,0.00,0.0000,984457.11,1,0,4
BOLLINGER_SQUEEZE_BREAKOUT,KRW-XRP,240,10.0,5.0,5.0,10,0,20.00,0.00,0.0000,984457.11,1,0,4
BOLLINGER_SQUEEZE_BREAKOUT,KRW-XRP,240,10.0,7.0,1.0,10,0,20.00,0.00,0.0000,984457.11,1,0,4
BOLLINGER_SQUEEZE_BREAKOUT,KRW-XRP,240,10.0,7.0,3.0,10,0,20.00,0.00,0.0000,984457.11,1,0,4
BOLLINGER_SQUEEZE_BREAKOUT,KRW-XRP,240,10.0,7.0,5.0,10,0,20.00,0.00,0.0000,984457.11,1,0,4
BOLLINGER_SQUEEZE_BREAKOUT,KRW-XRP,240,15.0,2.0,1.0,10,0,0.00,0.00,0.0000,865104.11,0,5,0
BOLLINGER_SQUEEZE_BREAKOUT,KRW-XRP,240,15.0,2.0,3.0,10,0,0.00,0.00,0.0000,865104.11,0,5,0
BOLLINGER_SQUEEZE_BREAKOUT,KRW-XRP,240,15.0,2.0,5.0,10,0,0.00,0.00,0.0000,865104.11,0,5,0
BOLLINGER_SQUEEZE_BREAKOUT,KRW-XRP,240,15.0,3.0,1.0,10,0,20.00,0.00,0.0000,984457.11,0,2,3
BOLLINGER_SQUEEZE_BREAKOUT,KRW-XRP,240,15.0,3.0,3.0,10,0,20.00,0.00,0.0000,984457.11,0,2,3
BOLLINGER_SQUEEZE_BREAKOUT,KRW-XRP,240,15.0,3.0,5.0,10,0,20.00,0.00,0.0000,984457.11,0,2,3
BOLLINGER_SQUEEZE_BREAKOUT,KRW-XRP,240,15.0,5.0,1.0,10,0,20.00,0.00,0.0000,984457.11,0,0,5
BOLLINGER_SQUEEZE_BREAKOUT,KRW-XRP,240,15.0,5.0,3.0,10,0,20.00,0.00,0.0000,984457.11,0,0,5
BOLLINGER_SQUEEZE_BREAKOUT,KRW-XRP,240,15.0,5.0,5.0,10,0,20.00,0.00,0.0000,984457.11,0,0,5
BOLLINGER_SQUEEZE_BREAKOUT,KRW-XRP,240,15.0,7.0,1.0,10,0,20.00,0.00,0.0000,984457.11,0,0,5
BOLLINGER_SQUEEZE_BREAKOUT,KRW-XRP,240,15.0,7.0,3.0,10,0,20.00,0.00,0.0000,984457.11,0,0,5
BOLLINGER_SQUEEZE_BREAKOUT,KRW-XRP,240,15.0,7.0,5.0,10,0,20.00,0.00,0.0000,984457.11,0,0,5
THREE_MARKET_PATTERN+TRIANGLE_CONVERGENCE,KRW-XRP,240,3.0,2.0,1.0,24,0,75.00,0.00,0.0000,1175175.46,6,3,3
THREE_MARKET_PATTERN+TRIANGLE_CONVERGENCE,KRW-XRP,240,3.0,2.0,3.0,24,0,75.00,0.00,0.0000,1175175.46,6,3,3
THREE_MARKET_PATTERN+TRIANGLE_CONVERGENCE,KRW-XRP,240,3.0,2.0,5.0,24,0,75.00,0.00,0.0000,1175175.46,6,3,3
THREE_MARKET_PATTERN+TRIANGLE_CONVERGENCE,KRW-XRP,240,3.0,3.0,1.0,24,0,75.00,0.00,0.0000,1167582.81,6,1,5
THREE_MARKET_PATTERN+TRIANGLE_CONVERGENCE,KRW-XRP,240,3.0,3.0,3.0,24,0,75.00,0.00,0.0000,1167582.81,6,1,5
THREE_MARKET_PATTERN+TRIANGLE_CONVERGENCE,KRW-XRP,240,3.0,3.0,5.0,24,0,75.00,0.00,0.0000,1167582.81,6,1,5
THREE_MARKET_PATTERN+TRIANGLE_CONVERGENCE,KRW-XRP,240,3.0,5.0,1.0,24,0,75.00,0.00,0.0000,1146070.30,6,1,5
THREE_MARKET_PATTERN+TRIANGLE_CONVERGENCE,KRW-XRP,240,3.0,5.0,3.0,24,0,75.00,0.00,0.0000,1146070.30,6,1,5
THREE_MARKET_PATTERN+TRIANGLE_CONVERGENCE,KRW-XRP,240,3.0,5.0,5.0,24,0,75.00,0.00,0.0000,1146070.30,6,1,5
THREE_MARKET_PATTERN+TRIANGLE_CONVERGENCE,KRW-XRP,240,3.0,7.0,1.0,24,0,75.00,0.00,0.0000,1146070.30,6,0,6
THREE_MARKET_PATTERN+TRIANGLE_CONVERGENCE,KRW-XRP,240,3.0,7.0,3.0,24,0,75.00,0.00,0.0000,1146070.30,6,0,6
THREE_MARKET_PATTERN+TRIANGLE_CONVERGENCE,KRW-XRP,240,3.0,7.0,5.0,24,0,75.00,0.00,0.0000,1146070.30,6,0,6
THREE_MARKET_PATTERN+TRIANGLE_CONVERGENCE,KRW-XRP,240,5.0,2.0,1.0,22,0,63.64,0.00,0.0000,1139662.63,2,4,5
THREE_MARKET_PATTERN+TRIANGLE_CONVERGENCE,KRW-XRP,240,5.0,2.0,3.0,22,0,63.64,0.00,0.0000,1139662.63,2,4,5
THREE_MARKET_PATTERN+TRIANGLE_CONVERGENCE,KRW-XRP,240,5.0,2.0,5.0,22,0,54.55,0.00,0.0000,1069981.27,2,5,4
THREE_MARKET_PATTERN+TRIANGLE_CONVERGENCE,KRW-XRP,240,5.0,3.0,1.0,22,0,63.64,0.00,0.0000,1132069.98,2,1,8
THREE_MARKET_PATTERN+TRIANGLE_CONVERGENCE,KRW-XRP,240,5.0,3.0,3.0,22,0,63.64,0.00,0.0000,1132069.98,2,1,8
THREE_MARKET_PATTERN+TRIANGLE_CONVERGENCE,KRW-XRP,240,5.0,3.0,5.0,22,0,54.55,0.00,0.0000,1062388.61,2,2,7
THREE_MARKET_PATTERN+TRIANGLE_CONVERGENCE,KRW-XRP,240,5.0,5.0,1.0,22,0,63.64,0.00,0.0000,1110557.47,2,1,8
THREE_MARKET_PATTERN+TRIANGLE_CONVERGENCE,KRW-XRP,240,5.0,5.0,3.0,22,0,63.64,0.00,0.0000,1110557.47,2,1,8
THREE_MARKET_PATTERN+TRIANGLE_CONVERGENCE,KRW-XRP,240,5.0,5.0,5.0,22,0,54.55,0.00,0.0000,1022406.36,2,2,7
THREE_MARKET_PATTERN+TRIANGLE_CONVERGENCE,KRW-XRP,240,5.0,7.0,1.0,22,0,63.64,0.00,0.0000,1110557.47,2,0,9
THREE_MARKET_PATTERN+TRIANGLE_CONVERGENCE,KRW-XRP,240,5.0,7.0,3.0,22,0,63.64,0.00,0.0000,1110557.47,2,0,9
THREE_MARKET_PATTERN+TRIANGLE_CONVERGENCE,KRW-XRP,240,5.0,7.0,5.0,22,0,54.55,0.00,0.0000,1012356.64,2,0,9
THREE_MARKET_PATTERN+TRIANGLE_CONVERGENCE,KRW-XRP,240,7.0,2.0,1.0,22,0,63.64,0.00,0.0000,1139662.63,2,4,5
THREE_MARKET_PATTERN+TRIANGLE_CONVERGENCE,KRW-XRP,240,7.0,2.0,3.0,22,0,63.64,0.00,0.0000,1139662.63,2,4,5
THREE_MARKET_PATTERN+TRIANGLE_CONVERGENCE,KRW-XRP,240,7.0,2.0,5.0,22,0,54.55,0.00,0.0000,1069981.27,2,5,4
THREE_MARKET_PATTERN+TRIANGLE_CONVERGENCE,KRW-XRP,240,7.0,3.0,1.0,22,0,63.64,0.00,0.0000,1132069.98,2,1,8
THREE_MARKET_PATTERN+TRIANGLE_CONVERGENCE,KRW-XRP,240,7.0,3.0,3.0,22,0,63.64,0.00,0.0000,1132069.98,2,1,8
THREE_MARKET_PATTERN+TRIANGLE_CONVERGENCE,KRW-XRP,240,7.0,3.0,5.0,22,0,54.55,0.00,0.0000,1062388.61,2,2,7
THREE_MARKET_PATTERN+TRIANGLE_CONVERGENCE,KRW-XRP,240,7.0,5.0,1.0,22,0,63.64,0.00,0.0000,1110557.47,2,1,8
THREE_MARKET_PATTERN+TRIANGLE_CONVERGENCE,KRW-XRP,240,7.0,5.0,3.0,22,0,63.64,0.00,0.0000,1110557.47,2,1,8
THREE_MARKET_PATTERN+TRIANGLE_CONVERGENCE,KRW-XRP,240,7.0,5.0,5.0,22,0,54.55,0.00,0.0000,1022406.36,2,2,7
THREE_MARKET_PATTERN+TRIANGLE_CONVERGENCE,KRW-XRP,240,7.0,7.0,1.0,22,0,63.64,0.00,0.0000,1110557.47,2,0,9
THREE_MARKET_PATTERN+TRIANGLE_CONVERGENCE,KRW-XRP,240,7.0,7.0,3.0,22,0,63.64,0.00,0.0000,1110557.47,2,0,9
THREE_MARKET_PATTERN+TRIANGLE_CONVERGENCE,KRW-XRP,240,7.0,7.0,5.0,22,0,54.55,0.00,0.0000,1012356.64,2,0,9
THREE_MARKET_PATTERN+TRIANGLE_CONVERGENCE,KRW-XRP,240,10.0,2.0,1.0,22,0,63.64,0.00,0.0000,1139662.63,0,4,7
THREE_MARKET_PATTERN+TRIANGLE_CONVERGENCE,KRW-XRP,240,10.0,2.0,3.0,22,0,63.64,0.00,0.0000,1139662.63,0,4,7
THREE_MARKET_PATTERN+TRIANGLE_CONVERGENCE,KRW-XRP,240,10.0,2.0,5.0,22,0,54.55,0.00,0.0000,1069981.27,0,5,6
THREE_MARKET_PATTERN+TRIANGLE_CONVERGENCE,KRW-XRP,240,10.0,3.0,1.0,22,0,63.64,0.00,0.0000,1132069.98,0,1,10
THREE_MARKET_PATTERN+TRIANGLE_CONVERGENCE,KRW-XRP,240,10.0,3.0,3.0,22,0,63.64,0.00,0.0000,1132069.98,0,1,10
THREE_MARKET_PATTERN+TRIANGLE_CONVERGENCE,KRW-XRP,240,10.0,3.0,5.0,22,0,54.55,0.00,0.0000,1062388.61,0,2,9
THREE_MARKET_PATTERN+TRIANGLE_CONVERGENCE,KRW-XRP,240,10.0,5.0,1.0,22,0,63.64,0.00,0.0000,1110557.47,0,1,10
THREE_MARKET_PATTERN+TRIANGLE_CONVERGENCE,KRW-XRP,240,10.0,5.0,3.0,22,0,63.64,0.00,0.0000,1110557.47,0,1,10
THREE_MARKET_PATTERN+TRIANGLE_CONVERGENCE,KRW-XRP,240,10.0,5.0,5.0,22,0,54.55,0.00,0.0000,1022406.36,0,2,9
THREE_MARKET_PATTERN+TRIANGLE_CONVERGENCE,KRW-XRP,240,10.0,7.0,1.0,22,0,63.64,0.00,0.0000,1110557.47,0,0,11
THREE_MARKET_PATTERN+TRIANGLE_CONVERGENCE,KRW-XRP,240,10.0,7.0,3.0,22,0,63.64,0.00,0.0000,1110557.47,0,0,11
THREE_MARKET_PATTERN+TRIANGLE_CONVERGENCE,KRW-XRP,240,10.0,7.0,5.0,22,0,54.55,0.00,0.0000,1012356.64,0,0,11
THREE_MARKET_PATTERN+TRIANGLE_CONVERGENCE,KRW-XRP,240,15.0,2.0,1.0,22,0,63.64,0.00,0.0000,1139662.63,0,4,7
THREE_MARKET_PATTERN+TRIANGLE_CONVERGENCE,KRW-XRP,240,15.0,2.0,3.0,22,0,63.64,0.00,0.0000,1139662.63,0,4,7
THREE_MARKET_PATTERN+TRIANGLE_CONVERGENCE,KRW-XRP,240,15.0,2.0,5.0,22,0,54.55,0.00,0.0000,1069981.27,0,5,6
THREE_MARKET_PATTERN+TRIANGLE_CONVERGENCE,KRW-XRP,240,15.0,3.0,1.0,22,0,63.64,0.00,0.0000,1132069.98,0,1,10
THREE_MARKET_PATTERN+TRIANGLE_CONVERGENCE,KRW-XRP,240,15.0,3.0,3.0,22,0,63.64,0.00,0.0000,1132069.98,0,1,10
THREE_MARKET_PATTERN+TRIANGLE_CONVERGENCE,KRW-XRP,240,15.0,3.0,5.0,22,0,54.55,0.00,0.0000,1062388.61,0,2,9
THREE_MARKET_PATTERN+TRIANGLE_CONVERGENCE,KRW-XRP,240,15.0,5.0,1.0,22,0,63.64,0.00,0.0000,1110557.47,0,1,10
THREE_MARKET_PATTERN+TRIANGLE_CONVERGENCE,KRW-XRP,240,15.0,5.0,3.0,22,0,63.64,0.00,0.0000,1110557.47,0,1,10
THREE_MARKET_PATTERN+TRIANGLE_CONVERGENCE,KRW-XRP,240,15.0,5.0,5.0,22,0,54.55,0.00,0.0000,1022406.36,0,2,9
THREE_MARKET_PATTERN+TRIANGLE_CONVERGENCE,KRW-XRP,240,15.0,7.0,1.0,22,0,63.64,0.00,0.0000,1110557.47,0,0,11
THREE_MARKET_PATTERN+TRIANGLE_CONVERGENCE,KRW-XRP,240,15.0,7.0,3.0,22,0,63.64,0.00,0.0000,1110557.47,0,0,11
THREE_MARKET_PATTERN+TRIANGLE_CONVERGENCE,KRW-XRP,240,15.0,7.0,5.0,22,0,54.55,0.00,0.0000,1012356.64,0,0,11
THREE_MARKET_PATTERN+TRIANGLE_CONVERGENCE,KRW-SOL,240,3.0,2.0,1.0,28,0,50.00,0.00,0.0000,1025059.80,2,4,8
THREE_MARKET_PATTERN+TRIANGLE_CONVERGENCE,KRW-SOL,240,3.0,2.0,3.0,28,0,50.00,0.00,0.0000,1025059.80,2,4,8
THREE_MARKET_PATTERN+TRIANGLE_CONVERGENCE,KRW-SOL,240,3.0,2.0,5.0,28,0,50.00,0.00,0.0000,1025059.80,2,4,8
THREE_MARKET_PATTERN+TRIANGLE_CONVERGENCE,KRW-SOL,240,3.0,3.0,1.0,30,0,46.67,0.00,0.0000,963554.87,2,3,10
THREE_MARKET_PATTERN+TRIANGLE_CONVERGENCE,KRW-SOL,240,3.0,3.0,3.0,30,0,46.67,0.00,0.0000,963554.87,2,3,10
THREE_MARKET_PATTERN+TRIANGLE_CONVERGENCE,KRW-SOL,240,3.0,3.0,5.0,30,0,46.67,0.00,0.0000,963554.87,2,3,10
THREE_MARKET_PATTERN+TRIANGLE_CONVERGENCE,KRW-SOL,240,3.0,5.0,1.0,30,0,46.67,0.00,0.0000,937340.92,2,1,12
THREE_MARKET_PATTERN+TRIANGLE_CONVERGENCE,KRW-SOL,240,3.0,5.0,3.0,30,0,46.67,0.00,0.0000,937340.92,2,1,12
THREE_MARKET_PATTERN+TRIANGLE_CONVERGENCE,KRW-SOL,240,3.0,5.0,5.0,30,0,46.67,0.00,0.0000,937340.92,2,1,12
THREE_MARKET_PATTERN+TRIANGLE_CONVERGENCE,KRW-SOL,240,3.0,7.0,1.0,30,0,46.67,0.00,0.0000,937340.92,2,0,13
THREE_MARKET_PATTERN+TRIANGLE_CONVERGENCE,KRW-SOL,240,3.0,7.0,3.0,30,0,46.67,0.00,0.0000,937340.92,2,0,13
THREE_MARKET_PATTERN+TRIANGLE_CONVERGENCE,KRW-SOL,240,3.0,7.0,5.0,30,0,46.67,0.00,0.0000,937340.92,2,0,13
THREE_MARKET_PATTERN+TRIANGLE_CONVERGENCE,KRW-SOL,240,5.0,2.0,1.0,28,0,50.00,0.00,0.0000,1036483.67,2,4,8
THREE_MARKET_PATTERN+TRIANGLE_CONVERGENCE,KRW-SOL,240,5.0,2.0,3.0,28,0,50.00,0.00,0.0000,1036483.67,2,4,8
THREE_MARKET_PATTERN+TRIANGLE_CONVERGENCE,KRW-SOL,240,5.0,2.0,5.0,28,0,50.00,0.00,0.0000,1036483.67,2,4,8
THREE_MARKET_PATTERN+TRIANGLE_CONVERGENCE,KRW-SOL,240,5.0,3.0,1.0,26,0,53.85,0.00,0.0000,1050874.77,2,2,9
THREE_MARKET_PATTERN+TRIANGLE_CONVERGENCE,KRW-SOL,240,5.0,3.0,3.0,26,0,53.85,0.00,0.0000,1050874.77,2,2,9
THREE_MARKET_PATTERN+TRIANGLE_CONVERGENCE,KRW-SOL,240,5.0,3.0,5.0,26,0,53.85,0.00,0.0000,1050874.77,2,2,9
THREE_MARKET_PATTERN+TRIANGLE_CONVERGENCE,KRW-SOL,240,5.0,5.0,1.0,26,0,53.85,0.00,0.0000,1024224.84,2,1,10
THREE_MARKET_PATTERN+TRIANGLE_CONVERGENCE,KRW-SOL,240,5.0,5.0,3.0,26,0,53.85,0.00,0.0000,1024224.84,2,1,10
THREE_MARKET_PATTERN+TRIANGLE_CONVERGENCE,KRW-SOL,240,5.0,5.0,5.0,26,0,53.85,0.00,0.0000,1024224.84,2,1,10
THREE_MARKET_PATTERN+TRIANGLE_CONVERGENCE,KRW-SOL,240,5.0,7.0,1.0,26,0,53.85,0.00,0.0000,1024224.84,2,0,11
THREE_MARKET_PATTERN+TRIANGLE_CONVERGENCE,KRW-SOL,240,5.0,7.0,3.0,26,0,53.85,0.00,0.0000,1024224.84,2,0,11
THREE_MARKET_PATTERN+TRIANGLE_CONVERGENCE,KRW-SOL,240,5.0,7.0,5.0,26,0,53.85,0.00,0.0000,1024224.84,2,0,11
THREE_MARKET_PATTERN+TRIANGLE_CONVERGENCE,KRW-SOL,240,7.0,2.0,1.0,26,0,53.85,0.00,0.0000,1072867.37,1,3,9
THREE_MARKET_PATTERN+TRIANGLE_CONVERGENCE,KRW-SOL,240,7.0,2.0,3.0,26,0,53.85,0.00,0.0000,1072867.37,1,3,9
THREE_MARKET_PATTERN+TRIANGLE_CONVERGENCE,KRW-SOL,240,7.0,2.0,5.0,26,0,53.85,0.00,0.0000,1072867.37,1,3,9
THREE_MARKET_PATTERN+TRIANGLE_CONVERGENCE,KRW-SOL,240,7.0,3.0,1.0,26,0,53.85,0.00,0.0000,1035934.94,0,2,11
THREE_MARKET_PATTERN+TRIANGLE_CONVERGENCE,KRW-SOL,240,7.0,3.0,3.0,26,0,53.85,0.00,0.0000,1035934.94,0,2,11
THREE_MARKET_PATTERN+TRIANGLE_CONVERGENCE,KRW-SOL,240,7.0,3.0,5.0,26,0,53.85,0.00,0.0000,1035934.94,0,2,11
THREE_MARKET_PATTERN+TRIANGLE_CONVERGENCE,KRW-SOL,240,7.0,5.0,1.0,26,0,53.85,0.00,0.0000,1009285.01,0,1,12
THREE_MARKET_PATTERN+TRIANGLE_CONVERGENCE,KRW-SOL,240,7.0,5.0,3.0,26,0,53.85,0.00,0.0000,1009285.01,0,1,12
THREE_MARKET_PATTERN+TRIANGLE_CONVERGENCE,KRW-SOL,240,7.0,5.0,5.0,26,0,53.85,0.00,0.0000,1009285.01,0,1,12
THREE_MARKET_PATTERN+TRIANGLE_CONVERGENCE,KRW-SOL,240,7.0,7.0,1.0,26,0,53.85,0.00,0.0000,1009285.01,0,0,13
THREE_MARKET_PATTERN+TRIANGLE_CONVERGENCE,KRW-SOL,240,7.0,7.0,3.0,26,0,53.85,0.00,0.0000,1009285.01,0,0,13
THREE_MARKET_PATTERN+TRIANGLE_CONVERGENCE,KRW-SOL,240,7.0,7.0,5.0,26,0,53.85,0.00,0.0000,1009285.01,0,0,13
THREE_MARKET_PATTERN+TRIANGLE_CONVERGENCE,KRW-SOL,240,10.0,2.0,1.0,26,0,53.85,0.00,0.0000,1051106.40,0,3,10
THREE_MARKET_PATTERN+TRIANGLE_CONVERGENCE,KRW-SOL,240,10.0,2.0,3.0,26,0,53.85,0.00,0.0000,1051106.40,0,3,10
THREE_MARKET_PATTERN+TRIANGLE_CONVERGENCE,KRW-SOL,240,10.0,2.0,5.0,26,0,53.85,0.00,0.0000,1051106.40,0,3,10
THREE_MARKET_PATTERN+TRIANGLE_CONVERGENCE,KRW-SOL,240,10.0,3.0,1.0,26,0,53.85,0.00,0.0000,1035934.94,0,2,11
THREE_MARKET_PATTERN+TRIANGLE_CONVERGENCE,KRW-SOL,240,10.0,3.0,3.0,26,0,53.85,0.00,0.0000,1035934.94,0,2,11
THREE_MARKET_PATTERN+TRIANGLE_CONVERGENCE,KRW-SOL,240,10.0,3.0,5.0,26,0,53.85,0.00,0.0000,1035934.94,0,2,11
THREE_MARKET_PATTERN+TRIANGLE_CONVERGENCE,KRW-SOL,240,10.0,5.0,1.0,26,0,53.85,0.00,0.0000,1009285.01,0,1,12
THREE_MARKET_PATTERN+TRIANGLE_CONVERGENCE,KRW-SOL,240,10.0,5.0,3.0,26,0,53.85,0.00,0.0000,1009285.01,0,1,12
THREE_MARKET_PATTERN+TRIANGLE_CONVERGENCE,KRW-SOL,240,10.0,5.0,5.0,26,0,53.85,0.00,0.0000,1009285.01,0,1,12
THREE_MARKET_PATTERN+TRIANGLE_CONVERGENCE,KRW-SOL,240,10.0,7.0,1.0,26,0,53.85,0.00,0.0000,1009285.01,0,0,13
THREE_MARKET_PATTERN+TRIANGLE_CONVERGENCE,KRW-SOL,240,10.0,7.0,3.0,26,0,53.85,0.00,0.0000,1009285.01,0,0,13
THREE_MARKET_PATTERN+TRIANGLE_CONVERGENCE,KRW-SOL,240,10.0,7.0,5.0,26,0,53.85,0.00,0.0000,1009285.01,0,0,13
THREE_MARKET_PATTERN+TRIANGLE_CONVERGENCE,KRW-SOL,240,15.0,2.0,1.0,26,0,53.85,0.00,0.0000,1051106.40,0,3,10
THREE_MARKET_PATTERN+TRIANGLE_CONVERGENCE,KRW-SOL,240,15.0,2.0,3.0,26,0,53.85,0.00,0.0000,1051106.40,0,3,10
THREE_MARKET_PATTERN+TRIANGLE_CONVERGENCE,KRW-SOL,240,15.0,2.0,5.0,26,0,53.85,0.00,0.0000,1051106.40,0,3,10
THREE_MARKET_PATTERN+TRIANGLE_CONVERGENCE,KRW-SOL,240,15.0,3.0,1.0,26,0,53.85,0.00,0.0000,1035934.94,0,2,11
THREE_MARKET_PATTERN+TRIANGLE_CONVERGENCE,KRW-SOL,240,15.0,3.0,3.0,26,0,53.85,0.00,0.0000,1035934.94,0,2,11
THREE_MARKET_PATTERN+TRIANGLE_CONVERGENCE,KRW-SOL,240,15.0,3.0,5.0,26,0,53.85,0.00,0.0000,1035934.94,0,2,11
THREE_MARKET_PATTERN+TRIANGLE_CONVERGENCE,KRW-SOL,240,15.0,5.0,1.0,26,0,53.85,0.00,0.0000,1009285.01,0,1,12
THREE_MARKET_PATTERN+TRIANGLE_CONVERGENCE,KRW-SOL,240,15.0,5.0,3.0,26,0,53.85,0.00,0.0000,1009285.01,0,1,12
THREE_MARKET_PATTERN+TRIANGLE_CONVERGENCE,KRW-SOL,240,15.0,5.0,5.0,26,0,53.85,0.00,0.0000,1009285.01,0,1,12
THREE_MARKET_PATTERN+TRIANGLE_CONVERGENCE,KRW-SOL,240,15.0,7.0,1.0,26,0,53.85,0.00,0.0000,1009285.01,0,0,13
THREE_MARKET_PATTERN+TRIANGLE_CONVERGENCE,KRW-SOL,240,15.0,7.0,3.0,26,0,53.85,0.00,0.0000,1009285.01,0,0,13
THREE_MARKET_PATTERN+TRIANGLE_CONVERGENCE,KRW-SOL,240,15.0,7.0,5.0,26,0,53.85,0.00,0.0000,1009285.01,0,0,13
THREE_MARKET_PATTERN+BOLLINGER_SQUEEZE_BREAKOUT,KRW-XRP,240,3.0,2.0,1.0,18,0,55.56,0.00,0.0000,1000720.34,5,4,0
THREE_MARKET_PATTERN+BOLLINGER_SQUEEZE_BREAKOUT,KRW-XRP,240,3.0,2.0,3.0,18,0,55.56,0.00,0.0000,1000720.34,5,4,0
THREE_MARKET_PATTERN+BOLLINGER_SQUEEZE_BREAKOUT,KRW-XRP,240,3.0,2.0,5.0,18,0,55.56,0.00,0.0000,1000720.34,5,4,0
THREE_MARKET_PATTERN+BOLLINGER_SQUEEZE_BREAKOUT,KRW-XRP,240,3.0,3.0,1.0,18,0,55.56,0.00,0.0000,988824.42,5,3,1
THREE_MARKET_PATTERN+BOLLINGER_SQUEEZE_BREAKOUT,KRW-XRP,240,3.0,3.0,3.0,18,0,55.56,0.00,0.0000,988824.42,5,3,1
THREE_MARKET_PATTERN+BOLLINGER_SQUEEZE_BREAKOUT,KRW-XRP,240,3.0,3.0,5.0,18,0,55.56,0.00,0.0000,988824.42,5,3,1
THREE_MARKET_PATTERN+BOLLINGER_SQUEEZE_BREAKOUT,KRW-XRP,240,3.0,5.0,1.0,18,0,55.56,0.00,0.0000,967311.91,5,2,2
THREE_MARKET_PATTERN+BOLLINGER_SQUEEZE_BREAKOUT,KRW-XRP,240,3.0,5.0,3.0,18,0,55.56,0.00,0.0000,967311.91,5,2,2
THREE_MARKET_PATTERN+BOLLINGER_SQUEEZE_BREAKOUT,KRW-XRP,240,3.0,5.0,5.0,18,0,55.56,0.00,0.0000,967311.91,5,2,2
THREE_MARKET_PATTERN+BOLLINGER_SQUEEZE_BREAKOUT,KRW-XRP,240,3.0,7.0,1.0,18,0,55.56,0.00,0.0000,947860.23,5,1,3
THREE_MARKET_PATTERN+BOLLINGER_SQUEEZE_BREAKOUT,KRW-XRP,240,3.0,7.0,3.0,18,0,55.56,0.00,0.0000,947860.23,5,1,3
THREE_MARKET_PATTERN+BOLLINGER_SQUEEZE_BREAKOUT,KRW-XRP,240,3.0,7.0,5.0,18,0,55.56,0.00,0.0000,947860.23,5,1,3
THREE_MARKET_PATTERN+BOLLINGER_SQUEEZE_BREAKOUT,KRW-XRP,240,5.0,2.0,1.0,14,0,57.14,0.00,0.0000,1156747.42,2,3,2
THREE_MARKET_PATTERN+BOLLINGER_SQUEEZE_BREAKOUT,KRW-XRP,240,5.0,2.0,3.0,14,0,57.14,0.00,0.0000,1156747.42,2,3,2
THREE_MARKET_PATTERN+BOLLINGER_SQUEEZE_BREAKOUT,KRW-XRP,240,5.0,2.0,5.0,14,0,42.86,0.00,0.0000,1087066.05,2,4,1
THREE_MARKET_PATTERN+BOLLINGER_SQUEEZE_BREAKOUT,KRW-XRP,240,5.0,3.0,1.0,14,0,57.14,0.00,0.0000,1144851.49,2,2,3
THREE_MARKET_PATTERN+BOLLINGER_SQUEEZE_BREAKOUT,KRW-XRP,240,5.0,3.0,3.0,14,0,57.14,0.00,0.0000,1144851.49,2,2,3
THREE_MARKET_PATTERN+BOLLINGER_SQUEEZE_BREAKOUT,KRW-XRP,240,5.0,3.0,5.0,14,0,42.86,0.00,0.0000,1075170.13,2,3,2
THREE_MARKET_PATTERN+BOLLINGER_SQUEEZE_BREAKOUT,KRW-XRP,240,5.0,5.0,1.0,14,0,57.14,0.00,0.0000,1123338.98,2,1,4
THREE_MARKET_PATTERN+BOLLINGER_SQUEEZE_BREAKOUT,KRW-XRP,240,5.0,5.0,3.0,14,0,57.14,0.00,0.0000,1123338.98,2,1,4
THREE_MARKET_PATTERN+BOLLINGER_SQUEEZE_BREAKOUT,KRW-XRP,240,5.0,5.0,5.0,14,0,42.86,0.00,0.0000,1035187.87,2,2,3
THREE_MARKET_PATTERN+BOLLINGER_SQUEEZE_BREAKOUT,KRW-XRP,240,5.0,7.0,1.0,14,0,57.14,0.00,0.0000,1123338.98,2,0,5
THREE_MARKET_PATTERN+BOLLINGER_SQUEEZE_BREAKOUT,KRW-XRP,240,5.0,7.0,3.0,14,0,57.14,0.00,0.0000,1123338.98,2,0,5
THREE_MARKET_PATTERN+BOLLINGER_SQUEEZE_BREAKOUT,KRW-XRP,240,5.0,7.0,5.0,14,0,42.86,0.00,0.0000,1025138.16,2,0,5
THREE_MARKET_PATTERN+BOLLINGER_SQUEEZE_BREAKOUT,KRW-XRP,240,7.0,2.0,1.0,14,0,57.14,0.00,0.0000,1156747.42,2,3,2
THREE_MARKET_PATTERN+BOLLINGER_SQUEEZE_BREAKOUT,KRW-XRP,240,7.0,2.0,3.0,14,0,57.14,0.00,0.0000,1156747.42,2,3,2
THREE_MARKET_PATTERN+BOLLINGER_SQUEEZE_BREAKOUT,KRW-XRP,240,7.0,2.0,5.0,14,0,42.86,0.00,0.0000,1087066.05,2,4,1
THREE_MARKET_PATTERN+BOLLINGER_SQUEEZE_BREAKOUT,KRW-XRP,240,7.0,3.0,1.0,14,0,57.14,0.00,0.0000,1144851.49,2,2,3
THREE_MARKET_PATTERN+BOLLINGER_SQUEEZE_BREAKOUT,KRW-XRP,240,7.0,3.0,3.0,14,0,57.14,0.00,0.0000,1144851.49,2,2,3
THREE_MARKET_PATTERN+BOLLINGER_SQUEEZE_BREAKOUT,KRW-XRP,240,7.0,3.0,5.0,14,0,42.86,0.00,0.0000,1075170.13,2,3,2
THREE_MARKET_PATTERN+BOLLINGER_SQUEEZE_BREAKOUT,KRW-XRP,240,7.0,5.0,1.0,14,0,57.14,0.00,0.0000,1123338.98,2,1,4
THREE_MARKET_PATTERN+BOLLINGER_SQUEEZE_BREAKOUT,KRW-XRP,240,7.0,5.0,3.0,14,0,57.14,0.00,0.0000,1123338.98,2,1,4
THREE_MARKET_PATTERN+BOLLINGER_SQUEEZE_BREAKOUT,KRW-XRP,240,7.0,5.0,5.0,14,0,42.86,0.00,0.0000,1035187.87,2,2,3
THREE_MARKET_PATTERN+BOLLINGER_SQUEEZE_BREAKOUT,KRW-XRP,240,7.0,7.0,1.0,14,0,57.14,0.00,0.0000,1123338.98,2,0,5
THREE_MARKET_PATTERN+BOLLINGER_SQUEEZE_BREAKOUT,KRW-XRP,240,7.0,7.0,3.0,14,0,57.14,0.00,0.0000,1123338.98,2,0,5
THREE_MARKET_PATTERN+BOLLINGER_SQUEEZE_BREAKOUT,KRW-XRP,240,7.0,7.0,5.0,14,0,42.86,0.00,0.0000,1025138.16,2,0,5
THREE_MARKET_PATTERN+BOLLINGER_SQUEEZE_BREAKOUT,KRW-XRP,240,10.0,2.0,1.0,14,0,57.14,0.00,0.0000,1156747.42,1,3,3
THREE_MARKET_PATTERN+BOLLINGER_SQUEEZE_BREAKOUT,KRW-XRP,240,10.0,2.0,3.0,14,0,57.14,0.00,0.0000,1156747.42,1,3,3
THREE_MARKET_PATTERN+BOLLINGER_SQUEEZE_BREAKOUT,KRW-XRP,240,10.0,2.0,5.0,14,0,42.86,0.00,0.0000,1087066.05,1,4,2
THREE_MARKET_PATTERN+BOLLINGER_SQUEEZE_BREAKOUT,KRW-XRP,240,10.0,3.0,1.0,14,0,57.14,0.00,0.0000,1144851.49,1,2,4
THREE_MARKET_PATTERN+BOLLINGER_SQUEEZE_BREAKOUT,KRW-XRP,240,10.0,3.0,3.0,14,0,57.14,0.00,0.0000,1144851.49,1,2,4
THREE_MARKET_PATTERN+BOLLINGER_SQUEEZE_BREAKOUT,KRW-XRP,240,10.0,3.0,5.0,14,0,42.86,0.00,0.0000,1075170.13,1,3,3
THREE_MARKET_PATTERN+BOLLINGER_SQUEEZE_BREAKOUT,KRW-XRP,240,10.0,5.0,1.0,14,0,57.14,0.00,0.0000,1123338.98,1,1,5
THREE_MARKET_PATTERN+BOLLINGER_SQUEEZE_BREAKOUT,KRW-XRP,240,10.0,5.0,3.0,14,0,57.14,0.00,0.0000,1123338.98,1,1,5
THREE_MARKET_PATTERN+BOLLINGER_SQUEEZE_BREAKOUT,KRW-XRP,240,10.0,5.0,5.0,14,0,42.86,0.00,0.0000,1035187.87,1,2,4
THREE_MARKET_PATTERN+BOLLINGER_SQUEEZE_BREAKOUT,KRW-XRP,240,10.0,7.0,1.0,14,0,57.14,0.00,0.0000,1123338.98,1,0,6
THREE_MARKET_PATTERN+BOLLINGER_SQUEEZE_BREAKOUT,KRW-XRP,240,10.0,7.0,3.0,14,0,57.14,0.00,0.0000,1123338.98,1,0,6
THREE_MARKET_PATTERN+BOLLINGER_SQUEEZE_BREAKOUT,KRW-XRP,240,10.0,7.0,5.0,14,0,42.86,0.00,0.0000,1025138.16,1,0,6
THREE_MARKET_PATTERN+BOLLINGER_SQUEEZE_BREAKOUT,KRW-XRP,240,15.0,2.0,1.0,14,0,57.14,0.00,0.0000,1156747.42,0,3,4
THREE_MARKET_PATTERN+BOLLINGER_SQUEEZE_BREAKOUT,KRW-XRP,240,15.0,2.0,3.0,14,0,57.14,0.00,0.0000,1156747.42,0,3,4
THREE_MARKET_PATTERN+BOLLINGER_SQUEEZE_BREAKOUT,KRW-XRP,240,15.0,2.0,5.0,14,0,42.86,0.00,0.0000,1087066.05,0,4,3
THREE_MARKET_PATTERN+BOLLINGER_SQUEEZE_BREAKOUT,KRW-XRP,240,15.0,3.0,1.0,14,0,57.14,0.00,0.0000,1144851.49,0,2,5
THREE_MARKET_PATTERN+BOLLINGER_SQUEEZE_BREAKOUT,KRW-XRP,240,15.0,3.0,3.0,14,0,57.14,0.00,0.0000,1144851.49,0,2,5
THREE_MARKET_PATTERN+BOLLINGER_SQUEEZE_BREAKOUT,KRW-XRP,240,15.0,3.0,5.0,14,0,42.86,0.00,0.0000,1075170.13,0,3,4
THREE_MARKET_PATTERN+BOLLINGER_SQUEEZE_BREAKOUT,KRW-XRP,240,15.0,5.0,1.0,14,0,57.14,0.00,0.0000,1123338.98,0,1,6
THREE_MARKET_PATTERN+BOLLINGER_SQUEEZE_BREAKOUT,KRW-XRP,240,15.0,5.0,3.0,14,0,57.14,0.00,0.0000,1123338.98,0,1,6
THREE_MARKET_PATTERN+BOLLINGER_SQUEEZE_BREAKOUT,KRW-XRP,240,15.0,5.0,5.0,14,0,42.86,0.00,0.0000,1035187.87,0,2,5
THREE_MARKET_PATTERN+BOLLINGER_SQUEEZE_BREAKOUT,KRW-XRP,240,15.0,7.0,1.0,14,0,57.14,0.00,0.0000,1123338.98,0,0,7
THREE_MARKET_PATTERN+BOLLINGER_SQUEEZE_BREAKOUT,KRW-XRP,240,15.0,7.0,3.0,14,0,57.14,0.00,0.0000,1123338.98,0,0,7
THREE_MARKET_PATTERN+BOLLINGER_SQUEEZE_BREAKOUT,KRW-XRP,240,15.0,7.0,5.0,14,0,42.86,0.00,0.0000,1025138.16,0,0,7
